Name,Total,HP,Attack,Defence,Sp_attack,Sp_defence,Speed,Description
Bulbasaur,318,45,49,49,65,65,45,A strange seed was planted on its back at birth. The plant sprouts and grows with this Pokemon.
Ivysaur,405,60,62,63,80,80,60,"When the bulb on its back grows large, it appears to lose the ability to stand on its hind legs."
Venusaur,525,80,82,83,100,100,80,The plant blooms when it is absorbing solar energy. It stays on the move to seek sunlight.
Mega Venusaur,625,80,100,123,122,120,80,"Obviously prefers hot places. When it rains, steam is said to spout from the tip of its tail."
Charmander,309,39,52,43,60,50,65,"When it swings its burning tail, it elevates the temperature to unbearably high levels."
Charmeleon,405,58,64,58,80,65,80,Spits fire that is hot enough to melt boulders. Known to cause forest fires unintentionally.
Charizard,534,78,84,78,109,85,100,"After birth, its back swells and hardens into a shell. Powerfully sprays foam from its mouth."
Mega Charizard,634,78,130,111,130,85,100,"Often hides in water to stalk unwary prey. For swimming fast, it moves its ears to maintain balance."
Mega Charizard X,634,78,104,78,159,115,100,A brutal Pokemon with pressurized water jets on its shell. They are used for high speed tackles.
Squirtle,314,44,48,65,50,64,43,Its short feet are tipped with suction pads that enable it to tirelessly climb slopes and walls.
Wartortle,405,59,63,80,65,80,58,"This Pokemon is vulnerable to attack while its shell is soft, exposing its weak and tender body."
Blastoise,530,79,83,100,85,105,78,"In battle, it flaps its wings at high speed to release highly toxic dust into the air."
Mega Blastoise,630,79,103,120,135,115,78,"Often found in forests, eating leaves. It has a sharp venomous stinger on its head."
Caterpie,195,45,30,35,20,20,45,"Almost incapable of moving, this Pokemon can only harden its shell to protect itself from predators."
Metapod,205,50,20,55,25,25,30,It has three poisonous stingers on its forelegs and its tail. They are used to jab its enemy repeatedly.
Butterfree,395,60,45,50,90,80,70,A common sight in forests and woods. It flaps its wings at ground level to kick up blinding sand.
Weedle,195,40,35,30,20,20,50,"Very protective of its sprawling territorial area, this Pokemon will fiercely peck at any intruder."
Kakuna,205,45,25,50,25,25,35,"When hunting, it skims the surface of water at high speed to pick off unwary prey such as MAGIKARP."
Beedrill,395,65,90,40,45,80,75,"Bites anything when it attacks. Small and very quick, it is a common sight in many places."
Mega Beedrill,495,65,150,40,15,80,145,It uses its whis­ kers to maintain its balance. It apparently slows down if they are cut off.
Pidgey,251,40,45,40,35,35,56,"It flaps its small wings busily to fly. Using its beak, it searches in grass for prey."
Pidgeotto,349,63,60,55,50,50,71,"With its huge and magnificent wings, it can keep aloft without ever having to land for rest."
Pidgeot,479,83,80,75,70,70,101,"Moves silently and stealthily. Eats the eggs of birds, such as PIDGEY and SPEAROW, whole."
Mega Pidgeot,579,83,80,80,135,80,121,It is rumored that the ferocious warning markings on its belly differ from area to area.
Rattata,253,30,56,35,25,35,72,"When several of these Pokemon gather, their electricity could build and cause lightning storms."
Mega Rattata,253,30,56,35,25,35,72,Its long tail serves as a ground to protect itself from its own high-voltage power.
Raticate,413,55,81,60,50,70,97,Burrows deep underground in arid locations far from water. It only emerges to hunt for food.
Mega Raticate,413,75,71,70,40,80,77,Curls up into a spiny ball when threatened. It can roll while curled up to attack or escape.
Spearow,262,40,60,30,31,31,70,"Although small, its venomous barbs render this Pokemon dangerous. The female has smaller horns."
Fearow,442,65,90,65,61,61,100,The female's horn develops slowly. Prefers physical attacks such as clawing and biting.
Ekans,288,35,60,44,40,54,55,Its hard scales provide strong protection. It uses its hefty bulk to execute powerful moves.
Arbok,448,60,95,69,65,79,80,"Stiffens its ears to sense danger. The larger its horns, the more powerful its secreted venom."
Pikachu,320,35,55,40,50,50,90,An aggressive Pokemon that is quick to attack. The horn on its head secretes a powerful venom.
Mega Pikachu,430,45,80,50,75,60,120,"It uses its powerful tail in battle to smash, constrict, then break the prey's bones."
Raichu,485,60,90,55,90,80,110,Its magical and cute appeal has many admirers. It is rare and found only in certain areas.
Mega Raichu,485,60,85,50,95,85,110,A timid fairy Pokemon that is rarely seen. It will run and hide the moment it senses people.
Sandshrew,300,50,75,85,20,30,40,"At the time of birth, it has just one tail. The tail splits from its tip as it grows older."
Mega Sandshrew,300,50,75,90,10,35,40,Very smart and very vengeful. Grabbing one of its many tails could result in a 1000-year curse.
Sandslash,450,75,100,110,45,55,65,"When its huge eyes light up, it sings a mysteriously soothing melody that lulls its enemies to sleep."
Mega Sandslash,450,75,100,120,25,65,65,"The body is soft and rubbery. When angered, it will suck in air and inflate itself to an enormous size."
Nidoran♀,275,55,47,52,40,40,41,Forms colonies in perpetually dark places. Uses ultrasonic waves to identify and approach targets.
Nidorina,365,70,62,67,55,55,56,"Once it strikes, it will not stop draining energy from the victim even if it gets too heavy to fly."
Nidoqueen,505,90,92,87,75,85,76,"During the day, it keeps its face buried in the ground. At night, it wanders around sowing its seeds."
Nidoran♂,273,46,57,40,40,40,50,The fluid that oozes from its mouth isn't drool. It is a nectar that is used to attract prey.
Nidorino,365,61,72,57,55,55,65,"It has the world’s largest petals. With every step, the petals shake out heavy clouds of toxic pollen."
Nidoking,505,81,102,77,85,75,85,Burrows to suck tree roots. The mushrooms on its back grow by draw­ ing nutrients from the bug host.
Clefairy,323,70,45,48,60,65,35,A host-parasite pair in which the parasite mushroom has taken over the host bug. Prefers damp places.
Clefable,483,95,70,73,95,90,60,Lives in the shadows of tall trees where it eats insects. It is attracted by light at night.
Vulpix,299,38,41,40,50,65,65,The dustlike scales covering its wings are color-coded to indicate the kinds of poison it has.
Mega Vulpix,299,38,41,40,50,65,65,Lives about one yard underground where it feeds on plant roots. It sometimes appears above ground.
Ninetales,505,73,76,75,81,100,100,A team of DIGLETT triplets. It triggers huge earthquakes by burrowing 60 miles underground.
Mega Ninetales,505,73,67,75,81,100,109,It washes its face regularly to keep the coin on its forehead spotless. It doesn’t get along with Galarian Meowth.
Jigglypuff,270,115,45,20,45,25,20,"Although its fur has many admirers, it is tough to raise as a pet because of its fickle meanness."
Wigglytuff,435,140,70,45,85,50,45,"While lulling its enemies with its vacant look, this wily Pokemon will use psychokinetic powers."
Zubat,245,40,45,35,30,40,55,"Often seen swim­ ming elegantly by lake shores. It is often mistaken for the Japanese monster, Kappa."
Golbat,455,75,80,70,65,75,90,Extremely quick to anger. It could be docile one moment then thrashing away the next instant.
Oddish,320,45,50,55,75,65,30,Always furious and tenacious to boot. It will not abandon chasing its quarry until it is caught.
Gloom,395,60,65,70,85,75,40,Very protective of its territory. It will bark and bite to repel intruders from its space.
Vileplume,490,75,80,85,110,90,50,A Pokemon that has been admired since the past for its beauty. It runs agilely as if on wings.
Paras,285,35,70,55,45,55,25,Its newly grown legs prevent it from running. It appears to prefer swimming than trying to stand.
Parasect,405,60,95,80,60,80,30,"Capable of living in or out of water. When out of water, it sweats to keep its body slimy."
Venonat,305,60,55,50,40,55,45,An adept swimmer at both the front crawl and breast stroke. Easily overtakes the best human swimmers.
Venomoth,450,70,65,60,90,75,90,"Using its ability to read minds, it will identify impending danger and TELEPORT to safety."
Diglett,265,10,55,25,35,45,95,It emits special alpha waves from its body that induce headaches just by being close by.
Mega Diglett,265,10,55,30,35,45,90,"Its brain can out­ perform a super­ computer. Its intelligence quotient is said to be 5,000."
Dugtrio,425,35,100,50,50,70,120,Loves to build its muscles. It trains in all styles of martial arts to become even stronger.
Mega Dugtrio,425,35,100,60,50,70,110,"Its muscular body is so powerful, it must wear a power save belt to be able to regulate its motions."
Meowth,290,40,45,35,40,40,90,"Using its heavy muscles, it throws powerful punches that can send the victim clear over the horizon."
Mega Meowth,290,40,35,35,50,40,90,A carnivorous Pokemon that traps and eats bugs. It uses its root feet to soak up needed moisture.
Mega Meowth X,290,50,65,55,40,40,40,It spits out POISONPOWDER to immobilize the enemy and then finishes it with a spray of ACID.
Persian,440,65,70,60,65,65,115,"Said to live in huge colonies deep in jungles, although no one has ever returned from there."
Mega Persian,440,65,60,60,75,65,115,Drifts in shallow seas. Anglers who hook them by accident are often punished by its stinging acid.
Psyduck,320,50,52,48,65,50,55,"The tentacles are normally kept short. On hunts, they are extended to ensnare and immobilize prey."
Golduck,500,80,82,78,95,80,85,"Found in fields and mountains. Mistaking them for boulders, people often step or trip on them."
Mankey,305,40,80,35,35,45,70,Rolls down slopes to move. It rolls over any obstacle without slowing or changing its direction.
Primeape,455,65,105,60,60,70,95,Its boulder-like body is extremely hard. It can easily withstand dynamite blasts without damage.
Growlithe,350,55,70,45,70,50,60,Its hooves are 10 times harder than diamonds. It can trample anything completely flat in little time.
Arcanine,555,90,110,80,100,80,95,"Very competitive, this Pokemon will chase anything that moves fast in the hopes of racing it."
Poliwag,300,40,50,40,40,40,90,Incredibly slow and dopey. It takes 5 seconds for it to feel pain when under attack.
Poliwhirl,385,65,65,65,50,50,90,The SHELLDER that is latched onto SLOWPOKE's tail is said to feed on the host's left over scraps.
Poliwrath,510,90,95,95,70,90,70,Uses anti-gravity to stay suspended. Appears without warning and uses THUNDER WAVE and similar moves.
Abra,310,25,20,15,105,55,90,Formed by several MAGNEMITEs linked together. They frequently appear when sunspots flare up.
Kadabra,400,40,35,30,120,70,105,The sprig of green onions it holds is its weapon. It is used much like a metal sword.
Alakazam,500,55,50,45,135,95,120,A bird that makes up for its poor flying with its fast foot speed. Leaves giant footprints.
Mega Alakazam,600,55,50,65,175,105,150,"Uses its three brains to execute complex plans. While two heads sleep, one head stays awake."
Machop,305,70,80,50,35,35,35,The protruding horn on its head is very hard. It is used for bashing through thick ice.
Machoke,405,80,100,70,50,60,45,Stores thermal energy in its body. Swims at a steady 8 knots even in intensely cold waters.
Machamp,505,90,130,80,65,85,55,Appears in filthy areas. Thrives by sucking up polluted sludge that is pumped out of factories.
Bellsprout,300,50,75,35,70,30,40,"Thickly covered with a filthy, vile sludge. It is so toxic, even its footprints contain poison."
Weepinbell,390,65,90,50,85,45,55,Its hard shell repels any kind of attack. It is vulnerable only when its shell is open.
Victreebel,490,80,105,65,100,70,70,"When attacked, it launches its horns in quick volleys. Its innards have never been seen."
Tentacool,335,40,40,35,50,100,70,"Almost invisible, this gaseous Pokemon cloaks the target and puts it to sleep without notice."
Tentacruel,515,80,70,65,80,120,100,"Because of its ability to slip through block walls, it is said to be from an­ other dimension."
Geodude,300,40,80,100,30,30,20,"Under a full moon, this Pokemon likes to mimic the shadows of people and laugh at their fright."
Mega Geodude,300,40,80,100,30,30,20,"As it grows, the stone portions of its body harden to become similar to a diamond, but colored black."
Graveler,390,55,95,115,45,45,35,Puts enemies to sleep then eats their dreams. Occasionally gets sick from eating bad dreams.
Mega Graveler,390,55,95,115,45,45,35,"When it locks eyes with an enemy, it will use a mix of PSI moves such as HYPNOSIS and CONFUSION."
Golem,495,80,120,130,55,65,45,"Its pincers are not only powerful weapons, they are used for balance when walking sideways."
Mega Golem,495,80,120,130,55,65,45,"The large pincer has 10000 hp of crushing power. However, its huge size makes it unwieldy to use."
Ponyta,410,50,85,55,65,65,90,"Usually found in power plants. Easily mistaken for a POKé BALL, they have zapped many people."
Mega Ponyta,410,50,85,55,65,65,90,It stores electric energy under very high pressure. It often explodes with little or no provocation.
Rapidash,500,65,100,70,80,80,105,"Often mistaken for eggs. When disturbed, they quickly gather and attack in swarms."
Mega Rapidash,500,65,100,70,80,80,105,"Legend has it that on rare occasions, one of its heads will drop off and continue on as an EXEGGCUTE."
Slowpoke,315,90,65,65,40,40,15,"Because it never removes its skull helmet, no one has ever seen this Pokemon's real face."
Mega Slowpoke,315,90,65,65,40,40,15,The bone it holds is its key weapon. It throws the bone skillfully like a boomerang to KO targets.
Slowbro,490,95,75,110,100,80,30,"When in a hurry, its legs lengthen progressively. It runs smoothly with extra long, loping strides."
Mega Slowbro,590,95,75,180,130,80,30,"While apparently doing nothing, it fires punches in lightning fast volleys that are impossible to see."
Mega Slowbro X,490,95,100,95,100,70,30,Its tongue can be extended like a chameleon's. It leaves a tingling sensation when it licks enemies.
Magnemite,325,25,35,70,95,55,45,"Because it stores several kinds of toxic gases in its body, it is prone to exploding without warning."
Magneton,465,50,60,95,120,70,70,"Where two kinds of poison gases meet, 2 KOFFINGs can fuse into a WEEZING over many years."
Farfetch'd,377,52,90,55,58,62,60,"A Pokemon with a one-track mind. Once it charges,  it won't stop running until it falls asleep."
Mega Farfetch'd,377,52,95,55,58,62,55,"Protected by an armor-like hide, it is capable of living in molten lava of 3,600 degrees."
Doduo,310,35,85,45,35,35,75,A rare and elusive Pokemon that is said to bring happiness to those who manage to get it.
Dodrio,470,60,110,70,60,60,110,The whole body is swathed with wide vines that are similar to sea­ weed. Its vines shake as it walks.
Seel,325,65,45,55,45,70,45,The infant rarely ventures out of its mother's protective pouch until it is 3 years old.
Dewgong,475,90,70,80,70,95,70,Known to shoot down flying bugs with precision blasts of ink from the surface of the water.
Grimer,325,80,80,50,40,50,25,Capable of swim­ ming backwards by rapidly flapping its wing-like pectoral fins and stout tail.
Mega Grimer,325,80,80,50,40,50,25,"Its tail fin billows like an elegant ballroom dress, giving it the nickname of the Water Queen."
Muk,500,105,105,75,65,100,50,"In the autumn spawning season, they can be seen swimming powerfully up rivers and creeks."
Mega Muk,500,105,105,75,65,100,50,"If its body is torn, it can grow back if the red core remains. The core flashes at midnight."
Shellder,305,30,65,100,45,25,40,Its central core glows with the seven colors of the rainbow. Some people value the core as a gem.
Cloyster,525,50,95,180,85,45,70,"If interrupted while it is miming, it will slap around the offender with its broad hands."
Gastly,310,30,35,30,100,35,80,"With ninja-like agility and speed, it can create the illusion that there is more than one."
Haunter,405,45,50,45,115,55,95,It seductively wiggles its hips as it walks. It can cause people to dance in unison with it.
Gengar,500,60,65,60,130,75,110,"Normally found near power plants, they can wander away and cause major blackouts in cities."
Mega Gengar,600,60,65,80,170,95,130,Its body always burns with an orange glow that enables it to hide perfectly among flames.
Onix,385,35,45,160,30,45,70,"If it fails to crush the victim in its pincers, it will swing it around and toss it hard."
Drowzee,328,60,48,45,43,90,42,"When it targets an enemy, it charges furiously while whipping its body with its long tails."
Hypno,483,85,73,70,73,115,67,"In the distant past, it was somewhat stronger than the horribly weak descendants that exist today."
Krabby,325,30,105,90,25,25,50,"Once it begins to rampage, a GYARADOS will burn everything down, even in a harsh storm."
Kingler,475,55,130,115,50,50,75,A Pokemon that has been over­ hunted almost to extinction. It can ferry people across the water.
Voltorb,330,40,30,50,55,55,100,Capable of copying an enemy's genetic code to instantly transform itself into a duplicate of the enemy.
Electrode,490,60,50,70,80,80,150,Its genetic code is irregular. It may mutate if it is exposed to radiation from element STONEs.
Exeggcute,325,60,40,80,60,45,40,Lives close to water. Its long tail is ridged with a fin which is often mistaken for a mermaid's.
Exeggutor,530,95,95,85,125,75,55,It accumulates negative ions in the atmosphere to blast out 10000- volt lightning bolts.
Mega Exeggutor,530,95,105,85,125,75,45,"When storing thermal energy in its body, its temperature could soar to over 1600 degrees."
Cubone,320,50,50,95,40,50,35,A Pokemon that consists entirely of programming code. Capable of moving freely in cyberspace.
Marowak,425,60,80,110,50,80,45,"Although long extinct, in rare cases, it can be genetically resurrected from fossils."
Mega Marowak,425,60,80,110,50,80,45,A prehistoric Pokemon that died out when its heavy shell made it impossible to catch prey.
Hitmonlee,455,50,120,53,35,110,87,A Pokemon that was resurrected from a fossil found in what was once the ocean floor eons ago.
Hitmonchan,455,50,105,79,35,110,76,Its sleek shape is perfect for swim­ ming. It slashes prey with its claws and drains the body fluids.
Lickitung,385,90,55,75,60,75,30,A Pokemon that roamed the skies in the dinosaur era. Its teeth are like saw blades.
Koffing,340,40,65,95,60,45,35,"Very lazy. Just eats and sleeps. As its rotund bulk builds, it becomes steadily more slothful."
Weezing,490,65,90,120,85,70,60,A legendary bird Pokemon that is said to appear to doomed people who are lost in icy mountains.
Mega Weezing,490,65,90,120,85,70,60,A legendary bird Pokemon that is said to appear from clouds while dropping enormous lightning bolts.
Rhyhorn,345,80,85,95,30,30,25,Known as the legendary bird of fire. Every flap of its wings creates a dazzling flash of flames.
Rhydon,485,105,130,120,45,45,40,Long considered a mythical Pokemon until recently when a small colony was found living underwater.
Chansey,450,250,5,5,35,105,50,A mystical Pokemon that exudes a gentle aura. Has the ability to change climate conditions.
Tangela,435,65,55,115,100,40,60,An extremely rarely seen marine Pokemon. Its intelligence is said to match that of humans.
Kangaskhan,490,105,95,80,40,80,90,It was created by a scientist after years of horrific gene splicing and DNA engineering experiments.
Mega Kangaskhan,590,105,125,100,60,100,100,So rare that it is still said to be a mirage by many experts. Only a few people have seen it worldwide.
Horsea,295,30,40,70,70,25,60,A sweet aroma gently wafts from the leaf on its head. It is docile and loves to soak up the sun's rays.
Seadra,440,55,65,95,95,45,85,"The scent of spices comes from around its neck. Somehow, sniffing it makes you want to fight."
Goldeen,320,45,67,60,35,50,63,The aroma that rises from its petals contains a substance that calms aggressive feelings.
Seaking,450,80,92,65,65,80,68,"It has a timid nature. If it is startled, the flames on its back burn more vigorously."
Staryu,340,30,45,55,70,55,85,Be careful if it turns its back during battle. It means that it will attack with the fire on its back.
Starmie,520,60,75,85,100,85,115,"If its rage peaks, it becomes so hot that anything that touches it will instantly go up in flames."
Mr. Mime,460,40,45,65,100,120,90,Its well-developed jaws are powerful and capable of crushing anything. Even its trainer must be careful.
Mega Mr. Mime,460,50,65,65,90,90,100,"If it loses a fang, a new one grows back in its place. There are always 48 fangs lining its mouth."
Scyther,500,70,110,80,55,80,105,"When it bites with its massive and powerful jaws, it shakes its head and savagely tears its victim up."
Jynx,455,65,50,35,115,95,95,"A very cautious Pokemon, it raises itself up using its tail to get a better view of its surroundings."
Electabuzz,490,65,83,57,95,85,105,It makes a nest to suit its long and skinny body. The nest is impossible for other Pokemon to enter.
Magmar,495,65,95,57,100,85,93,"It always stands on one foot. It changes feet so fast, the movement can rarely be seen."
Pinsir,500,65,125,100,55,70,85,Its eyes are specially adapted. They concentrate even faint light and enable it to see in the dark.
Mega Pinsir,600,65,155,120,65,90,105,It is very timid. It will be afraid to move if it is alone. But it will be active if it is in a group.
Tauros,490,75,100,95,40,70,110,"When the stars flicker in the night sky, it flutters about, scattering a glowing powder."
Magikarp,200,20,10,55,15,20,80,"It lies still in the same pose for days in its web, waiting for its unsuspecting prey to wander close."
Gyarados,540,95,125,79,60,100,81,It spins string not only from its rear but also from its mouth. It is hard to tell which end is which.
Mega Gyarados,640,95,155,109,70,130,81,It flies so si­ lently through the dark on its four wings that it may not be noticed even when nearby.
Lapras,535,130,85,80,85,95,60,Chinchou blink their shining antennae at one another to claim their respective turf.
Ditto,288,48,48,48,48,48,48,The light it emits is so bright that it can illuminate the sea's surface from a depth of over three miles.
Eevee,325,55,55,50,45,65,55,It is not yet skilled at storing electricity. It may send out a jolt if amused or startled.
Mega Eevee,435,65,75,70,65,85,75,"Because of its unusual, star-like silhouette, people believe that it came here on a meteor."
Vaporeon,525,130,65,60,110,95,65,"It has a very soft body. If it starts to roll, it will bounce all over and be impossible to stop."
Jolteon,525,65,65,60,110,95,130,The shell seems to be filled with joy. It is said that it will share good luck when treated kindly.
Flareon,525,65,130,60,95,110,65,"They say that it will appear before kindhearted, car­ ing people and shower them with happiness."
Porygon,395,65,60,70,85,75,40,"Because its wings aren't yet fully grown, it has to hop to get around. It is always star­ ing at something."
Omanyte,355,35,40,100,90,55,35,They say that it stays still and quiet because it is seeing both the past and future at the same time.
Omastar,495,70,60,125,115,70,55,"If static elec­ tricity builds in its body, its fleece doubles in volume. Touching it will shock you."
Kabuto,355,30,80,90,55,45,55,"As a result of storing too much electricity, it developed patches where even downy wool won't grow."
Kabutops,495,60,115,105,65,70,80,The tail's tip shines brightly and can be seen from far away. It acts as a beacon for lost people.
Aerodactyl,515,80,105,65,60,75,130,"Plentiful in the tropics. When it dances, its petals rub together and make a pleasant ringing sound."
Mega Aerodactyl,615,80,135,85,70,95,150,"The tip of its tail, which con­ tains oil that is lighter than wa­ ter, lets it swim without drowning."
Snorlax,540,160,110,65,65,110,30,It lives in water virtually all day long. Its body color and pattern act as camouflage that makes it tough for enemies to spot in water.
Articuno,580,90,85,100,95,125,85,"Although it always pretends to be a tree, its composi­ tion appears to be closer to a rock than a plant."
Mega Articuno,580,90,85,85,125,100,95,"If POLIWAG and POLIWHIRL hear its echoing cry, they respond by gather­ ing from far and wide."
Zapdos,580,90,90,85,125,90,100,"To keep from being blown away by the wind, they gather in clusters. They do enjoy gentle breezes, though."
Mega Zapdos,580,90,125,90,85,90,100,The bloom on top of its head opens and closes as the temperature fluc­ tuates up and down.
Moltres,580,90,100,90,125,85,90,"Once it catches the wind, it deft­ ly controls its cotton-puff spores to float, even around the world."
Mega Moltres,580,90,85,90,100,125,90,Its tail is so powerful that it can use it to grab a tree branch and hold itself up in the air.
Dratini,300,41,64,45,50,50,50,"It may drop out of the sky suddenly. If attacked by a SPEAROW, it will violently shake its leaves."
Dragonair,420,61,84,65,70,70,70,"It converts sun­ light into energy. In the darkness after sunset, it closes its petals and becomes still."
Dragonite,600,91,134,95,100,100,80,"If it flaps its wings really fast, it can generate shock waves that will shatter win­ dows in the area."
Mewtwo,680,106,110,90,154,90,130,This Pokemon lives in cold water. It will leave the water to search for food when it gets cold outside.
Mega Mewtwo,780,106,190,100,154,100,130,"This carefree Pokemon has an easy-going nature. While swimming, it always bumps into boat hulls."
Mega Mewtwo X,780,106,150,70,194,120,140,It uses the fine hair that covers its body to sense air currents and predict its ene­ my's actions.
Mew,600,100,100,100,100,100,100,"When agitated, this Pokemon pro­ tects itself by spraying poisonous sweat from its pores."
Chikorita,318,45,49,65,49,65,45,"Feared and loathed by many, it is believed to bring misfortune to all those who see it at night."
Bayleef,405,60,62,80,63,80,60,"It has incredible intellect and in­ tuition. Whatever the situation, it remains calm and collected."
Meganium,525,80,82,100,83,100,80,It likes playing mischievous tricks such as screaming and wailing to startle people at night.
Cyndaquil,309,39,52,43,60,50,65,Their shapes look like hieroglyphs on ancient tab­ lets. It is said that the two are somehow related.
Quilava,405,58,64,58,80,65,80,"It hates light and shock. If attack­ ed, it inflates its body to pump up its counter­ strike."
Typhlosion,534,78,84,78,109,85,100,"Its tail has a small brain of its own. Beware! If you get close, it may react to your scent and bite."
Totodile,314,50,65,64,44,48,43,It likes to make its shell thicker by adding layers of tree bark. The additional weight doesn't bother it.
Croconaw,405,65,80,80,59,63,58,Its entire body is shielded by a steel-hard shell. What lurks inside the armor is a total mystery.
Feraligatr,530,85,105,100,79,83,78,"When spotted, this Pokemon escapes backward by furi­ ously boring into the ground with its tail."
Sentret,215,35,46,34,35,45,20,It flies straight at its target's face then clamps down on the star­ tled victim to inject poison.
Furret,415,85,76,64,45,55,90,It is thought its body transformed as a result of iron accumulating internally from swallowing soil.
Hoothoot,262,60,30,30,36,56,50,"Although it looks frightening, it is actually kind and affectionate. It is very popular among women."
Noctowl,452,100,50,50,86,96,70,"It is actually timid and easily spooked. If at­ tacked, it flails about to fend off its attacker."
Ledyba,265,40,20,30,40,80,55,"To fire its poison spikes, it must inflate its body by drinking over 2.6 gallons of water all at once."
Ledian,390,55,35,50,55,110,85,It has a steel-hard body. It intimidates foes by upraising its eye-patterned pincers.
Spinarak,250,40,60,40,40,40,30,The BERRIES it stores in its vase-like shell decompose and become a gooey liquid.
Ariados,400,70,90,70,60,70,40,"It is usually docile, but if it is disturbed while sipping honey, it chases off the intruder with its horn."
Crobat,535,85,90,80,70,80,130,"Its paws conceal sharp claws. If attacked, it sud­ denly extends the claws and startles its enemy."
Chinchou,330,75,38,38,56,56,67,"If it finds honey, its crescent mark glows. It always licks its paws because they are soaked with honey."
Lanturn,460,125,58,58,76,76,67,"Although it is a good climber, it prefers to snap trees with its forelegs and eat fallen BERRIES."
Pichu,205,20,40,15,35,35,60,"It never sleeps. It has to keep moving because if it stopped, its magma body would cool and harden."
Cleffa,218,50,25,28,45,55,15,The shell on its back is just skin that has cooled and hardened. It breaks easily with a slight touch.
Igglybuff,210,90,30,15,40,20,15,It rubs its snout on the ground to find and dig up food. It sometimes discovers hot springs.
Togepi,245,35,20,65,40,65,20,"Because the long hair all over its body obscures its sight, it just keeps charging repeatedly."
Togetic,405,55,40,85,80,105,40,It continuously sheds and grows. The tip of its head is prized as a treasure for its beauty.
Natu,320,40,50,45,70,45,70,It has superb ac­ curacy. The water it shoots out can strike even moving prey from more than 300 feet.
Xatu,470,65,75,70,95,70,95,It traps enemies with its suction- cupped tentacles then smashes them with its rock-hard head.
Mareep,280,55,40,40,65,45,35,It carries food all day long. There are tales about lost people who were saved by the food it had.
Flaaffy,365,70,55,55,80,60,45,"As it majestically swims, it doesn't care if REMORAID attach to it for scavenging its leftovers."
Ampharos,510,90,75,85,115,90,55,"Its sturdy wings look heavy, but they are actually hollow and light, allowing it to fly freely in the sky."
Mega Ampharos,610,90,95,105,165,110,45,It uses different kinds of cries for communicating with others of its kind and for pursuing its prey.
Bellossom,490,75,80,95,90,100,50,"If you are burned by the flames it shoots from its mouth, the pain will never go away."
Marill,250,70,20,50,20,50,40,It is said that it usually hides in underwater caves. It can create whirlpools by yawning.
Azumarill,420,100,50,80,60,80,50,"It swings its long snout around play­ fully, but because it is so strong, that can be dan­ gerous."
Sudowoodo,410,70,100,115,30,65,30,"It has sharp, hard tusks and a rugged hide. Its TACKLE is strong enough to knock down a house."
Politoed,500,90,75,75,90,100,70,"This upgraded version of PORYGON is designed for space exploration. It can't fly, though."
Hoppip,250,35,35,40,35,55,50,The curved antlers subtly change the flow of air to create a strange space where real­ ity is distorted.
Skiploom,340,55,45,50,45,65,80,A special fluid oozes from the tip of its tail. It paints the fluid everywhere to mark its territory.
Jumpluff,460,75,55,70,55,95,110,"It is always bursting with en­ ergy. To make it­ self stronger, it keeps on fighting even if it loses."
Aipom,360,55,70,55,40,55,85,"If you become enchanted by its smooth, elegant, dance-like kicks, you may get drilled hard."
Sunkern,180,30,30,30,30,30,30,Its lips are the most sensitive parts on its body. It always uses its lips first to examine things.
Sunflora,425,75,75,55,105,85,30,"It rotates its arms to generate electricity, but it tires easily, so it charges up only a little bit."
Yanma,390,65,65,45,75,45,95,"Each and every time it inhales and exhales, hot embers dribble out of its mouth and nostrils."
Wooper,210,55,45,45,25,25,15,"Its milk is packed with nutrition, making it the ultimate beverage for the sick or weary."
Quagsire,430,95,85,85,65,65,35,Anyone who takes even one bite of BLISSEY's egg be­ comes unfailingly caring and pleas­ ant to everyone.
Espeon,525,65,65,60,130,95,110,The rain clouds it carries let it fire thunderbolts at will. They say that it descended with lightning.
Umbreon,525,95,65,110,60,130,65,"Volcanoes erupt when it barks. Un­ able to restrain its extreme power, it races headlong around the land."
Murkrow,405,60,85,42,85,42,91,It races around the world to purify fouled water. It dashes away with the north wind.
Slowking,490,95,75,80,100,110,30,"It feeds on soil. After it has eaten a large mountain, it will fall asleep so it can grow."
Mega Slowking,490,95,65,80,110,110,30,"Its shell is as hard as sheet rock, and it is also very strong. Its THRASHING can topple a mountain."
Misdreavus,435,60,60,60,85,85,85,"Its body can't be harmed by any sort of attack, so it is very eager to make challenges against enemies."
Unown,336,48,72,48,72,48,48,It is said that it quietly spends its time deep at the bottom of the sea because its powers are too strong.
Wobbuffet,405,190,33,58,33,58,33,Legends claim this Pokemon flies the world's skies con­ tinuously on its magnificent seven- colored wings.
Girafarig,455,70,80,65,90,65,85,This Pokemon wan­ ders across time. Grass and trees flourish in the forests in which it has appeared.
Pineco,290,50,65,90,35,35,15,TREECKO has small hooks on the bottom of its feet that enable it to scale vertical walls. This Pokemon attacks by slamming foes with its thick tail.
Forretress,465,75,90,140,60,60,40,The leaves growing out of GROVYLE’s body are convenient for camouflaging it from enemies in the forest. This Pokemon is a master at climbing trees in jungles.
Dunsparce,415,100,70,70,65,65,45,The leaves growing on SCEPTILE’s body are very sharp edged. This Pokemon is very agile - it leaps all over the branches of trees and jumps on its foe from above or behind.
Gligar,430,65,75,105,35,65,85,"TORCHIC sticks with its TRAINER, following behind with unsteady steps. This Pokemon breathes fire of over 1,800 degrees F, including fireballs that leave the foe scorched black."
Steelix,510,75,85,200,55,65,30,"COMBUSKEN toughens up its legs and thighs by running through fields and mountains. This Pokemon’s legs possess both speed and power, enabling it to dole out ten kicks in one second."
Mega Steelix,610,75,125,230,55,95,30,"In battle, BLAZIKEN blows out intense flames from its wrists and attacks foes courageously. The stronger the foe, the more intensely this Pokemon’s wrists burn."
Snubbull,300,60,80,50,40,40,30,"The fin on MUDKIP’s head acts as highly sensitive radar. Using this fin to sense movements of water and air, this Pokemon can determine what is taking place around it without using its eyes."
Granbull,450,90,120,75,60,60,45,"The surface of MARSHTOMP’s body is enveloped by a thin, sticky film that enables it to live on land. This Pokemon plays in mud on beaches when the ocean tide is low."
Qwilfish,440,65,95,85,55,55,85,SWAMPERT is very strong. It has enough power to easily drag a boulder weighing more than a ton. This Pokemon also has powerful vision that lets it see even in murky water.
Scizor,500,70,130,100,55,80,65,"At first sight, POOCHYENA takes a bite at anything that moves. This Pokemon chases after prey until the victim becomes exhausted. However, it may turn tail if the prey strikes back."
Mega Scizor,600,70,150,140,65,100,75,MIGHTYENA gives obvious signals when it is preparing to attack. It starts to growl deeply and then flattens its body. This Pokemon will bite savagely with its sharply pointed fangs.
Shuckle,505,20,10,230,10,230,5,ZIGZAGOON restlessly wanders everywhere at all times. This Pokemon does so because it is very curious. It becomes interested in anything that it happens to see.
Heracross,500,80,125,75,40,95,85,"LINOONE always runs full speed and only in straight lines. If facing an obstacle, it makes a right-angle turn to evade it. This Pokemon is very challenged by gently curving roads."
Mega Heracross,600,80,185,115,40,105,75,"Using the spikes on its rear end,   WURMPLE peels the bark off trees and feeds on the sap that oozes out. This Pokemon’s feet are tipped with suction pads that allow it to cling to glass without slipping."
Sneasel,430,55,95,55,35,75,115,"SILCOON tethers itself to a tree branch using silk to keep from falling. There,  this Pokemon hangs quietly while it awaits evolution. It peers out of the silk cocoon through a small hole."
Teddiursa,330,60,80,50,50,50,40,"BEAUTIFLY’s favorite food is the sweet pollen of flowers. If you want to see this Pokemon, just leave a potted flower by an open window. BEAUTIFLY is sure to come looking for pollen."
Ursaring,500,90,130,75,75,75,55,"CASCOON makes its protective cocoon by wrapping its body entirely with a fine silk from its mouth. Once the silk goes around its body, it hardens. This Pokemon prepares for its evolution inside the cocoon."
Slugma,250,40,40,40,70,40,20,"DUSTOX is instinctively drawn to light. Swarms of this Pokemon are attracted by the bright lights of cities, where they wreak havoc by stripping the leaves off roadside trees for food."
Magcargo,430,60,50,120,90,80,30,"It searches about for clean water. If it does not drink water for too long, the leaf on its head wilts."
Swinub,250,50,50,40,30,30,50,It lives at the water’s edge where it is sunny. It sleeps on a bed of water grass by day and becomes active at night.
Piloswine,450,100,100,80,60,60,50,"LUDICOLO begins dancing as soon as it hears cheerful, festive music. This Pokemon is said to appear when it hears the singing of children on hiking outings."
Corsola,410,65,55,95,65,95,35,"SEEDOT attaches itself to a tree branch using the top of its head. It sucks moisture from the tree while hanging off the branch. The more water it drinks, the glossier this Pokemon’s body becomes."
Mega Corsola,410,60,55,100,65,100,30,NUZLEAF live in densely overgrown forests. They occasionally venture out of the forest to startle people. This Pokemon dislikes having its long nose pinched.
Remoraid,300,35,65,35,65,35,65,It lives quietly in the deep forest. It is said to create chilly winter winds with the fans it holds.
Octillery,480,75,105,75,105,75,45,"TAILLOW courageously stands its ground against foes, however strong they may be. This gutsy Pokemon will remain defiant even after a loss. On the other hand, it cries loudly if it becomes hungry."
Delibird,330,45,55,45,65,45,75,"SWELLOW flies high above our heads, making graceful arcs in the sky. This Pokemon dives at a steep angle as soon as it spots its prey. The hapless prey is tightly grasped by SWELLOW’s clawed feet, preventing escape."
Mantine,485,85,40,70,80,140,70,WINGULL has the habit of carrying prey and valuables in its beak and hiding them in all sorts of locations. This Pokemon rides the winds and flies as if it were skating across the sky.
Skarmory,465,65,80,140,40,70,70,"It is a messenger of the skies, carrying small Pokemon and eggs to safety in its bill."
Houndour,330,45,60,30,80,50,65,"RALTS senses the emotions of people using the horns on its head. This Pokemon rarely appears before people. But when it does, it draws closer if it senses that the person has a positive disposition."
Houndoom,500,75,90,50,110,80,95,It is said that a KIRLIA that is exposed to the positive emotions of its TRAINER grows beautiful. This Pokemon controls psychokinetic powers with its highly developed brain.
Mega Houndoom,600,75,90,90,140,90,115,"GARDEVOIR has the ability to read the future. If it senses impending danger to its TRAINER, this Pokemon is said to unleash its psychokinetic energy at full power."
Kingdra,540,75,95,95,95,95,85,"From the tips of its feet, SURSKIT secretes an oil that enables it to walk on water as if it were skating. This Pokemon feeds on microscopic organisms in ponds and lakes."
Phanpy,330,90,60,60,40,40,40,MASQUERAIN intimidates enemies with the eyelike patterns on its antennas. This Pokemon flaps its four wings to freely fly in any direction - even sideways and backwards - as if it were a helicopter.
Donphan,500,90,120,120,60,60,50,"SHROOMISH live in damp soil in the dark depths of forests. They are often found keeping still under fallen leaves. This Pokemon feeds on compost that is made up of fallen, rotted leaves."
Porygon2,515,85,80,90,105,95,60,"BRELOOM closes in on its foe with light and sprightly footwork, then throws punches with its stretchy arms. This Pokemon’s fighting technique puts boxers to shame."
Stantler,465,73,95,62,85,65,85,"SLAKOTH lolls around for over twenty hours every day. Because it moves so little, it does not need much food. This Pokemon’s sole daily meal consists of just three leaves."
Smeargle,250,55,20,35,20,45,75,VIGOROTH is always itching and agitated to go on a wild rampage. It simply can’t tolerate sitting still for even a minute. This Pokemon’s stress level rises if it can’t be moving constantly.
Tyrogue,210,35,35,35,35,35,35,"SLAKING spends all day lying down and lolling about. It eats grass growing within its reach. If it eats all the grass it can reach, this Pokemon reluctantly moves to another spot."
Hitmontop,455,50,95,95,35,110,70,NINCADA lives underground for many years in complete darkness. This Pokemon absorbs nutrients from the roots of trees. It stays motionless as it waits for evolution.
Smoochum,305,45,30,15,85,65,65,"NINJASK moves around at such a high speed that it cannot be seen, even while its crying can be clearly heard. For that reason, this Pokemon was long believed to be invisible."
Elekid,360,45,63,37,65,55,95,"SHEDINJA’s hard body doesn’t move - not even a twitch. In fact, its body appears to be merely a hollow shell. It is believed that this Pokemon will steal the spirit of anyone peering into its hollow body from its back."
Magby,365,45,75,37,70,55,83,"Normally, WHISMUR’s voice is very quiet - it is barely audible even if one is paying close attention. However, if this Pokemon senses danger, it starts crying at an earsplitting volume."
Miltank,490,95,80,105,40,70,100,LOUDRED’s bellowing can completely decimate a wood-frame house. It uses its voice to punish its foes. This Pokemon’s round ears serve as loudspeakers.
Blissey,540,255,10,10,75,135,55,"EXPLOUD triggers earthquakes with the tremors it creates by bellowing. If this Pokemon violently inhales from the ports on its body, it’s a sign that it is preparing to let loose a huge bellow."
Raikou,580,90,85,75,115,100,115,"MAKUHITA is tenacious - it will keep getting up and attacking its foe however many times it is knocked down. Every time it gets back up, this Pokemon stores more energy in its body for evolving."
Entei,580,115,115,85,90,75,100,It has the habit of challenging others without hesitation to tests of strength. It’s been known to stand on train tracks and stop trains using forearm thrusts.
Suicune,580,100,75,115,90,115,85,A Pokemon that lives by water. It moves quickly on land by bouncing on its big tail.
Larvitar,300,50,64,50,45,50,41,"NOSEPASS’s magnetic nose is always pointed to the north. If two of these Pokemon meet, they cannot turn their faces to each other when they are close because their magnetic noses repel one another."
Pupitar,410,70,84,70,65,70,51,SKITTY has the habit of becoming fascinated by moving objects and chasing them around. This Pokemon is known to chase after its own tail and become dizzy.
Tyranitar,600,100,134,110,95,100,61,"DELCATTY prefers to live an unfettered existence in which it can do as it pleases at its own pace. Because this Pokemon eats and sleeps whenever it decides, its daily routines are completely random."
Mega Tyranitar,700,100,164,150,95,120,71,"SABLEYE lead quiet lives deep inside caverns. They are feared, however, because these Pokemon are thought to steal the spirits of people when their eyes burn with a sinister glow in the darkness."
Lugia,680,106,90,130,90,154,110,"MAWHILE’s huge jaws are actually steel horns that have been transformed. Its docile-looking face serves to lull its foe into letting down its guard. When the foe least expects it, MAWHILE chomps it with its gaping jaws."
Ho-oh,680,106,130,90,110,154,90,"This Pokemon has a body of steel. To make its body, ARON feeds on iron ore that it digs from mountains. Occasionally, it causes major trouble by eating bridges and rails."
Celebi,600,100,100,100,100,100,100,LAIRON tempers its steel body by drinking highly nutritious mineral springwater until it is bloated. This Pokemon makes its nest close to springs of delicious water.
Treecko,310,40,45,35,65,55,70,AGGRON claims an entire mountain as its own territory. It mercilessly beats up anything that violates its environment. This Pokemon vigilantly patrols its territory at all times.
Grovyle,405,50,65,45,85,65,95,"MEDITITE undertakes rigorous mental training deep in the mountains. However, whenever it meditates, this Pokemon always loses its concentration and focus. As a result, its training never ends."
Sceptile,530,70,85,65,105,85,120,"It is said that through meditation, MEDICHAM heightens energy inside its body and sharpens its sixth sense. This Pokemon hides its presence by merging itself with fields and mountains."
Mega Sceptile,630,70,110,75,145,85,145,ELECTRIKE stores electricity in its long body hair. This Pokemon stimulates its leg muscles with electric charges. These jolts of power give its legs explosive acceleration performance.
Torchic,310,45,60,40,70,50,45,"MANECTRIC is constantly discharging electricity from its mane. The sparks sometimes ignite forest fires. When it enters a battle, this Pokemon creates thunderclouds."
Combusken,405,60,85,60,85,60,55,"PLUSLE always acts as a cheerleader for its partners. Whenever a teammate puts out a good effort in battle, this Pokemon shorts out its body to create the crackling noises of sparks to show its joy."
Blaziken,530,80,120,70,110,70,80,MINUN is more concerned about cheering on its partners than its own safety. It shorts out the electricity in its body to create brilliant showers of sparks to cheer on its teammates.
Mega Blaziken,630,80,160,80,130,80,100,"With the arrival of night, VOLBEAT emits light from its tail. It communicates with others by adjusting the intensity and flashing of its light. This Pokemon is attracted by the sweet aroma of ILLUMISE."
Mudkip,310,50,70,50,50,50,40,"With its sweet aroma, it guides Volbeat to draw signs with light in the night sky."
Marshtomp,405,70,85,70,60,70,50,ROSELIA shoots sharp thorns as projectiles at any opponent that tries to steal the flowers on its arms. The aroma of this Pokemon brings serenity to living things.
Swampert,535,100,110,90,85,90,60,"Virtually all of GULPIN’s body is its stomach. As a result, it can swallow something its own size. This Pokemon’s stomach contains a special fluid that digests anything."
Mega Swampert,635,100,150,110,95,110,70,"When SWALOT spots prey, it spurts out a hideously toxic fluid from its pores and sprays the target. Once the prey has weakened, this Pokemon gulps it down whole with its cavernous mouth."
Poochyena,220,35,55,35,30,30,35,CARVANHA’s strongly developed jaws and its sharply pointed fangs pack the destructive power to rip out boat hulls. Many boats have been attacked and sunk by this Pokemon.
Mightyena,420,70,90,70,60,60,70,"Nicknamed “the bully of the sea,” SHARPEDO is widely feared. Its cruel fangs grow back immediately if they snap off. Just one of these Pokemon can thoroughly tear apart a supertanker."
Zigzagoon,240,38,30,41,30,41,60,WAILMER’s nostrils are located above its eyes. This playful Pokemon loves to startle people by forcefully snorting out seawater it stores inside its body out of its nostrils.
Mega Zigzagoon,240,38,30,41,30,41,60,"WAILORD is the largest of all identified Pokemon up to now. This giant Pokemon swims languorously in the vast open sea, eating massive amounts of food at once with its enormous mouth."
Linoone,420,78,70,61,50,61,100,"NUMEL is extremely dull witted - it doesn’t notice being hit. However, it can’t stand hunger for even a second. This Pokemon’s body is a seething cauldron of boiling magma."
Mega Linoone,420,78,70,61,50,61,100,"CAMERUPT has a volcano inside its body. Magma of 18,000 degrees F courses through its body. Occasionally, the humps on this Pokemon’s back erupt, spewing the superheated magma."
Wurmple,195,45,45,35,20,30,20,You can tell how it’s feeling by the smoke spouting from its shell. Tremendous velocity is a sign of good health.
Silcoon,205,50,35,55,25,25,15,"SPOINK bounces around on its tail. The shock of its bouncing makes its heart pump. As a result, this Pokemon cannot afford to stop bouncing - if it stops, its heart will stop."
Beautifly,395,60,70,50,100,50,65,"GRUMPIG uses the black pearls on its body to amplify its psychic power waves for gaining total control over its foe. When this Pokemon uses its special power, its snorting breath grows labored."
Cascoon,205,50,35,55,25,25,15,No two Spinda have the same pattern of spots. Its tottering step fouls the aim of foes.
Dustox,385,60,50,70,50,90,65,"TRAPINCH’s nest is a sloped, bowl-like pit dug in sand. This Pokemon patiently waits for prey to tumble down the pit. Its giant jaws have enough strength to crush even boulders."
Lotad,220,40,30,30,40,50,30,"To make prey faint, VIBRAVA generates ultrasonic waves by vigorously making its two wings vibrate. This Pokemon’s ultrasonic waves are so powerful, they can bring on headaches in people."
Lombre,340,60,50,50,60,70,50,"FLYGON is nicknamed “the elemental  spirit of the desert.” Because its flapping wings whip up a cloud of sand, this Pokemon is always enveloped in a sandstorm while flying."
Ludicolo,480,80,70,70,90,100,70,"CACNEA lives in arid locations such as deserts. It releases a strong aroma from its flower to attract prey. When prey comes near, this Pokemon shoots sharp thorns from its body to bring the victim down."
Seedot,220,40,40,50,30,30,30,"During the daytime, CACTURNE remains unmoving so that it does not lose any moisture to the harsh desert sun. This Pokemon becomes active at night when the temperature drops."
Nuzleaf,340,70,70,40,60,40,60,SWABLU has light and fluffy wings that are like cottony clouds. This Pokemon is not frightened of people. It lands on the heads of people and sits there like a cotton-fluff hat.
Shiftry,480,90,100,60,90,60,80,"ALTARIA dances and wheels through the sky among billowing, cotton-like clouds. By singing melodies in its crystal-clear voice, this Pokemon makes its listeners experience dreamy wonderment."
Taillow,270,40,55,30,30,30,85,Memories of battling its arch-rival SEVIPER are etched into every cell of ZANGOOSE’s body. This Pokemon adroitly dodges attacks with incredible agility.
Swellow,455,60,85,60,75,50,125,SEVIPER shares a generations-long feud with ZANGOOSE. The scars on its body are evidence of vicious battles. This Pokemon attacks using its sword- edged tail.
Wingull,270,40,30,30,55,30,85,"LUNATONE was discovered at a location where a meteorite fell. As a result, some people theorize that this Pokemon came from space. However, no one has been able to prove this theory so far."
Pelipper,440,60,50,100,95,70,65,"Solar energy is the source of its power, so it is strong during the daytime. When it spins, its body shines."
Ralts,198,28,25,25,45,35,40,"BARBOACH’s sensitive whiskers serve as a superb radar system. This Pokemon hides in mud, leaving only its two whiskers exposed while it waits for prey to come along."
Kirlia,278,38,35,35,65,55,50,"WHISCASH is extremely territorial. Just one of these Pokemon will claim a large pond as its exclusive territory. If a foe approaches it, it thrashes about and triggers a massive earthquake."
Gardevoir,518,68,65,65,125,115,80,Its hardy vitality enables it to adapt to any environment. Its pincers will never release prey.
Mega Gardevoir,618,68,85,65,165,135,100,"CRAWDAUNT has an extremely violent nature that compels it to challenge other living things to battle. Other life-forms refuse to live in ponds inhabited by this Pokemon, making them desolate places."
Surskit,269,40,30,32,50,52,65,BALTOY moves while spinning around on its one foot. Primitive wall paintings depicting this Pokemon living among people were discovered in some ancient ruins.
Masquerain,454,70,60,62,100,82,80,CLAYDOL are said to be dolls of mud made by primitive humans and brought to life by exposure to a mysterious ray. This Pokemon moves about while levitating.
Shroomish,295,60,40,60,40,60,35,LILEEP became extinct approximately a hundred million years ago. This ancient Pokemon attaches itself to a rock on the seafloor and catches approaching prey using tentacles  shaped like flower petals.
Breloom,460,60,130,80,60,60,70,CRADILY roams around the ocean floor in search of food. This Pokemon freely extends its tree trunk-like neck and captures unwary prey using its eight tentacles.
Slakoth,280,60,60,60,35,35,30,ANORITH was regenerated from a prehistoric fossil. This primitive Pokemon once lived in warm seas. It grips its prey firmly between its two large claws.
Vigoroth,440,80,80,80,55,55,90,ARMALDO’s tough armor makes all attacks bounce off. This Pokemon’s two enormous claws can be freely extended or contracted. They have the power to punch right through a steel slab.
Slaking,670,150,160,100,95,65,100,"FEEBAS’s fins are ragged and tattered from the start of its life. Because of its shoddy appearance, this Pokemon is largely ignored. It is capable of living in both the sea and in rivers."
Nincada,266,31,45,90,30,30,40,Its lovely scales are described as rainbow colored. They change color depending on the viewing angle.
Ninjask,456,61,90,45,50,50,160,CASTFORM’s appearance changes with the weather. This Pokemon gained the ability to use the vast power of nature to protect its tiny body.
Shedinja,236,1,90,45,30,30,40,It changes body color to blend in with its surroundings. It also changes color if it is happy or sad.
Whismur,240,64,51,23,51,23,28,"SHUPPET is attracted by feelings of jealousy and vindictiveness. If someone develops strong feelings of vengeance, this Pokemon will appear in a swarm and line up beneath the eaves of that person’s home."
Loudred,360,84,71,43,71,43,48,BANETTE generates energy for laying strong curses by sticking pins into its own body. This Pokemon was originally a pitiful plush doll that was thrown away.
Exploud,490,104,91,63,91,73,68,"DUSKULL can pass through any wall no matter how thick it may be. Once this Pokemon chooses a target, it will doggedly pursue the intended victim until the break of dawn."
Makuhita,237,72,60,30,20,30,25,"DUSCLOPS’s body is completely hollow - there is nothing at all inside. It is said that its body is like a black hole. This Pokemon will absorb anything into its body, but nothing will ever come back out."
Hariyama,474,144,120,60,40,60,50,"The bunches of fruit around TROPIUS’s neck are very popular with children. This Pokemon loves fruit, and eats it continuously. Apparently, its love for fruit resulted in its own outgrowth of fruit."
Azurill,190,50,20,40,20,40,20,"CHIMECHO makes its cries echo inside its hollow body. When this Pokemon becomes enraged, its cries result in ultrasonic waves that have the power to knock foes flying."
Nosepass,375,30,45,135,45,90,30,"Every time ABSOL appears before people, it is followed by a disaster such as an earthquake or a tidal wave. As a result, it came to be known as the disaster Pokemon."
Skitty,260,50,45,45,35,35,50,"WYNAUT can always be seen with a big, happy smile on its face. Look at its tail to determine if it is angry. When angered, this Pokemon will be slapping the ground with its tail."
Delcatty,400,70,65,65,55,55,90,"SNORUNT live in regions with heavy snowfall. In seasons without snow, such as spring and summer, this Pokemon steals away to live quietly among stalactites and stalagmites deep in caverns."
Sableye,380,50,75,75,65,65,50,"GLALIE has a body made of rock, which it hardens with an armor of ice. This Pokemon has the ability to freeze moisture in the atmosphere into any shape it desires."
Mega Sableye,480,50,85,125,85,115,20,"SPHEAL is much faster rolling than  walking to get around. When groups of this Pokemon eat, they all clap at once to show their pleasure. Because of this, their mealtimes are noisy."
Mawile,380,50,85,85,55,55,50,SEALEO has the habit of always juggling on the tip of its nose anything it sees for the first time. This Pokemon occasionally entertains itself by balancing and rolling a SPHEAL on its nose.
Mega Mawile,480,50,105,125,55,95,50,It swims through icy seas while shattering ice floes with its large tusks. It is protected by its thick blubber.
Aron,330,50,70,100,40,40,30,CLAMPERL’s sturdy shell is not only good for protection - it is also used for clamping and catching prey. A fully grown CLAMPERL’s shell will be scored with nicks and scratches all over.
Lairon,430,60,90,140,50,50,40,HUNTAIL’s presence went unnoticed by people for a long time because it lives at extreme depths in the sea. This Pokemon’s eyes can see clearly even in the murky dark depths of the ocean.
Aggron,530,70,110,180,60,60,50,"GOREBYSS lives in the southern seas at extreme depths. Its body is built to withstand the enormous pressure of water at incredible depths. Because of this, this Pokemon’s body is unharmed by ordinary attacks."
Mega Aggron,630,70,140,230,60,80,50,RELICANTH is a Pokemon species that existed for a hundred million years without ever changing its form. This ancient Pokemon feeds on microscopic organisms with its toothless mouth.
Meditite,280,30,40,55,40,55,60,LUVDISC live in shallow seas in the tropics. This heart-shaped Pokemon earned its name by swimming after loving couples it spotted in the ocean’s waves.
Medicham,410,60,60,75,60,75,80,"Dreaming of one day flying, it practices by leaping off cliffs every day."
Mega Medicham,510,60,100,85,80,85,100,"Inside SHELGON’s armor-like shell, cells are in the midst of transformation to create an entirely new body. This Pokemon’s shell is extremely heavy, making its movements sluggish."
Electrike,295,40,45,40,65,40,65,"SALAMENCE came about as a result of a strong, long-held dream of growing wings. It is said that this powerful desire triggered a sudden mutation in this Pokemon’s cells, causing it to sprout its magnificent wings."
Manectric,475,70,75,60,105,60,105,"Instead of blood, a powerful magnetic force courses throughout BELDUM’s body. This Pokemon communicates with others by sending controlled pulses of magnetism."
Mega Manectric,575,70,75,80,135,80,135,"When two BELDUM fuse together, METANG is formed. The brains of the BELDUM are joined by a magnetic nervous system. By linking its brains magnetically, this Pokemon generates strong psychokinetic power."
Plusle,405,60,50,40,85,75,95,"METAGROSS has four brains in total. Combined, the four brains can breeze through difficult calculations faster than a supercomputer. This Pokemon can float in the air by tucking in its four legs."
Minun,405,60,40,50,75,85,95,"Its entire body is made of rock. If any part chips off in battle, it attaches rocks to repair itself."
Volbeat,430,65,73,75,47,85,85,"REGICE’s body was made during an ice age. The deep-frozen body can’t be melted, even by fire. This Pokemon controls frigid air of minus 328 degrees F."
Illumise,430,65,47,75,73,85,85,REGISTEEL has a body that is harder than any kind of metal. Its body is apparently hollow. No one has any idea what this Pokemon eats.
Roselia,400,50,60,45,100,80,65,"LATIAS is highly sensitive to the emotions of people. If it senses any hostility, this Pokemon ruffles the feathers all over its body and cries shrilly to intimidate the foe."
Gulpin,302,70,43,53,43,53,40,LATIOS has the ability to make its foe see an image of what it has seen or imagines in its head. This Pokemon is intelligent and understands human speech.
Swalot,467,100,73,83,73,83,55,KYOGRE has the power to create massive rain clouds that cover the entire sky and bring about torrential downpours. This Pokemon saved people who were suffering from droughts.
Carvanha,305,45,90,20,65,20,65,GROUDON has long been described in  mythology as the Pokemon that raised lands and expanded continents. This Pokemon took to sleep after a cataclysmic battle with KYOGRE.
Sharpedo,460,70,120,40,95,40,95,"RAYQUAZA lived for hundreds of millions of years in the earth’s ozone layer,  never descending to the ground. This Pokemon appears to feed on water and particles in the atmosphere."
Mega Sharpedo,560,70,140,70,110,65,105,"A legend states that JIRACHI will make true any wish that is written on notes attached to its head when it awakens. If this Pokemon senses danger, it will fight without awakening."
Wailmer,400,130,70,35,70,35,60,The DNA of a space virus underwent a sudden mutation upon exposure to a laser beam and resulted in DEOXYS. The crystalline organ on this Pokemon’s chest appears to be its brain.
Wailord,500,170,90,45,90,45,60,"Made from soil, the shell on its back hardens when it drinks water. It lives along lakes."
Numel,305,60,60,40,65,45,35,It knows where pure water wells up. It carries fellow Pokemon there on its back.
Camerupt,460,70,100,70,105,75,40,Small Pokemon occasionally gather on its unmoving back to begin building their nests.
Mega Camerupt,560,70,120,100,145,105,20,It agilely scales sheer cliffs to live atop craggy mountains. Its fire is put out when it sleeps.
Torkoal,470,70,85,140,85,70,20,"To intimidate attackers, it stretches the fire on its tail to make itself appear bigger."
Spoink,330,60,25,35,70,80,60,It uses a special kind of martial arts involving all its limbs. Its fire never goes out.
Grumpig,470,80,45,65,90,110,80,"Because it is very proud, it hates accepting food from people. Its thick down guards it from cold."
Spinda,360,60,60,60,60,60,60,"It lives alone, away from others. Apparently, every one of them believes it is the most important."
Trapinch,290,45,100,45,45,45,10,The three horns that extend from its beak attest to its power. The leader has the biggest horns.
Vibrava,340,50,70,50,50,50,70,"They flock in great numbers. Though small, they flap their wings with great power."
Flygon,520,80,100,80,80,80,100,It flies around forests and fields in search of bug Pokemon. It stays within a huge flock.
Cacnea,335,50,85,40,85,40,35,It has a savage nature. It will courageously challenge foes that are much larger.
Cacturne,475,70,115,60,115,60,55,"With nerves of steel, nothing can perturb it. It is more agile and active than it appears."
Swablu,310,45,40,60,40,75,50,It makes its nest by damming streams with bark and mud. It is known as an industrious worker.
Altaria,490,75,70,90,70,105,80,"It shakes its head back to front, causing its antennae to hit each other and sound like a xylophone."
Mega Altaria,590,75,110,110,110,105,80,It crosses its knifelike arms in front of its chest when it cries. It can compose melodies ad lib.
Zangoose,458,73,115,60,60,60,90,All of its fur dazzles if danger is sensed. It flees while the foe is momentarily blinded.
Seviper,458,73,100,60,100,60,65,Its claws loose electricity with enough amperage to cause fainting. They live in small groups.
Lunatone,460,90,55,65,95,85,70,It has eyes that can see through anything. It spots and captures prey hiding behind objects.
Solrock,460,90,95,85,55,65,70,"Over the winter, it closes its bud and endures the cold. In spring, the bud opens and releases pollen."
Barboach,288,50,48,43,46,41,60,"It attracts prey with a sweet aroma, then downs it with thorny whips hidden in its arms."
Whiscash,468,110,78,73,76,71,60,It lived in jungles around 100 million years ago. Its skull is as hard as iron.
Corphish,308,43,80,65,50,35,35,Its powerful head butt has enough power to shatter even the most durable things upon impact.
Crawdaunt,468,63,120,85,90,55,55,A Pokemon that lived in jungles around 100 million years ago. Its facial hide is extremely hard.
Baltoy,300,40,40,55,40,70,55,Any frontal attack is repulsed. It is a docile Pokemon that feeds on grass and berries.
Claydol,500,60,70,105,70,120,75,"To shelter itself from cold, wintry winds, it covers itself with a cloak made of twigs and leaves."
Lileep,355,66,41,77,61,87,23,"When BURMY evolved, its cloak became a part of this Pokemon’s body. The cloak is never shed."
Cradily,495,86,81,97,81,107,43,It loves the honey of flowers and steals honey collected by COMBEE.
Anorith,355,45,95,50,40,50,75,A Pokemon formed by three others. It busily carries sweet floral honey to VESPIQUEN.
Armaldo,495,75,125,100,70,80,45,Its abdomen is a honeycomb for grubs. It raises its grubs on honey collected by COMBEE.
Feebas,200,20,15,20,10,55,80,It makes fur balls that crackle with static electricity. It stores them with berries in tree holes.
Milotic,540,95,60,79,100,125,81,It has a flotation sac that is like an inflatable collar. It floats on water with its head out.
Castform,420,70,70,70,70,70,70,It floats using its well-developed flotation sac. It assists in the rescues of drowning people.
Mega Castform,420,70,70,70,70,70,70,"The small ball holds the nutrients needed for evolution. Apparently, it is very sweet and tasty."
Mega Castform X,420,70,70,70,70,70,70,It blooms during times of strong sunlight. It tries to make up for everything it endured as a bud.
Mega Castform X,420,70,70,70,70,70,70,"Its colors and shapes differ from region to region. In the Sinnoh region, two types are confirmed."
Kecleon,440,60,90,70,60,120,40,"It has a pliable body without any bones. If any part of its body is torn off, it grows right back."
Shuppet,295,44,75,35,63,33,45,"To eat, it deftly shucks nuts with its two tails. It rarely uses its arms now."
Banette,455,64,115,65,83,63,65,"A Pokemon formed by the spirits of people and Pokemon. It loves damp, humid seasons."
Mega Banette,555,64,165,75,93,83,75,"At dusk, swarms of them are carried aloft on winds. When noticed, they suddenly vanish."
Duskull,295,20,40,90,30,90,25,It slams foes by sharply uncoiling its rolled ears. It stings enough to make a grown-up cry in pain.
Dusclops,455,40,70,130,60,130,25,An extremely cautious Pokemon. It cloaks its body with its fluffy ear fur when it senses danger.
Tropius,460,99,68,83,72,87,51,Its cries sound like incantations. Those hearing it are tormented by headaches and hallucinations.
Chimecho,455,75,50,80,95,90,65,"Becoming active at night, it is known to swarm with numerous MURKROW in tow."
Absol,465,65,130,60,75,60,75,It claws if displeased and purrs when affectionate. Its fickleness is very popular among some.
Mega Absol,565,65,150,60,115,60,115,It is a brazen brute that barges its way into another Pokemon’s nest and claims it as its own.
Wynaut,260,95,23,48,23,48,23,It emits cries by agitating an orb at the back of its throat. It moves with flouncing hops.
Snorunt,300,50,50,50,50,50,50,It protects itself by spraying a noxious fluid from its rear. The stench lingers for 24 hours.
Glalie,480,80,80,80,80,80,80,It sprays a vile-smelling fluid from the tip of its tail to attack. Its range is over 160 feet.
Mega Glalie,580,80,120,80,120,80,100,Implements shaped like it were discovered in ancient tombs. It is unknown if they are related.
Spheal,290,70,40,50,55,50,25,"One caused a news sensation when it was dug up at a construction site after a 2,000-year sleep."
Sealeo,410,90,60,70,75,70,45,It looks as if it is always crying. It is actually adjusting its body’s fluid levels by eliminating excess.
Walrein,530,110,80,90,95,90,65,"It habitually mimics foes. Once mimicked, the foe cannot take its eyes off this Pokemon."
Clamperl,345,35,64,85,74,55,32,It loves round white things. It carries an egg-shaped rock in imitation of CHANSEY.
Huntail,485,55,104,105,94,75,52,"It can learn and speak human words. If they gather, they all learn the same saying."
Gorebyss,485,55,84,105,114,75,52,A Pokemon that was formed by 108 spirits. It is bound to a fissure in an odd keystone.
Relicanth,485,100,90,130,45,65,55,"It nests in small, horizontal holes in cave walls. It pounces to catch prey that stray too close."
Luvdisc,330,43,30,55,40,65,97,There is a long-held belief that medicine made from its scales will heal even incurable illnesses.
Bagon,300,45,75,60,40,30,50,"When it folds up its body and extends its wings, it looks like a jet plane. It flies at sonic speed."
Shelgon,420,65,95,100,60,50,50,"It wolfs down its weight in food once a day, swallowing food whole with almost no chewing."
Salamence,600,95,135,80,110,80,100,The aura that emanates from its body intensifies to alert others if it is afraid or sad.
Mega Salamence,700,95,145,130,120,90,120,It has the ability to sense the auras of all things. It understands human speech.
Beldum,300,40,55,80,35,60,30,"It lives in arid places. Instead of perspiration, it expels grainy sand from its body."
Metang,420,60,75,100,55,80,50,It blasts internally stored sand from ports on its body to create a towering twister for attack.
Metagross,600,80,135,130,95,90,70,It grips prey with its tail claws and injects poison. It tenaciously hangs on until the poison takes.
Mega Metagross,700,80,145,150,105,110,110,It has the power in its clawed arms to make scrap of a car. The tips of its claws release poison.
Regirock,580,80,100,200,50,100,50,Its cheeks hold poison sacs. It tries to catch foes off guard to jab them with toxic fingers.
Regice,580,80,50,100,100,200,50,Its knuckle claws secrete a toxin so vile that even a scratch could prove fatal.
Registeel,580,80,75,150,75,150,50,"It attracts prey with its sweet- smelling saliva, then chomps down. It takes a whole day to eat prey."
Latias,600,80,80,90,110,130,110,"After long exposure to sunlight, the patterns on its tail fins shine vividly when darkness arrives."
Mega Latias,700,80,100,120,140,150,110,It lives on the deep-sea floor. It attracts prey by flashing the patterns on its four tail fins.
Latios,600,80,90,80,130,110,110,A friendly Pokemon that captures the subtle flows of seawater using its two antennae.
Mega Latios,700,80,130,100,160,120,110,"It lives on snowy mountains. Having had little contact with humans, it is boldly inquisitive."
Kyogre,670,100,100,90,150,140,90,It whips up blizzards in mountains that are always buried in snow. It is the abominable snowman.
Mega Kyogre,770,100,150,90,180,160,90,"They live in cold regions, forming groups of four or five that hunt prey with impressive coordination."
Groudon,670,100,150,140,100,90,90,It evolved from exposure to a special magnetic field. Three units generate magnetism.
Mega Groudon,770,100,180,160,150,90,90,It wraps things with its extensible tongue. Getting too close to it will leave you soaked with drool.
Rayquaza,680,105,150,90,150,90,95,It puts rocks in holes in its palms and uses its muscles to shoot them. GEODUDE are shot at rare times.
Mega Rayquaza,780,105,180,100,180,100,115,It ensnares prey by extending arms made of vines. Losing arms to predators does not trouble it.
Jirachi,600,100,100,100,100,100,100,"As its electric charge amplifies, blue sparks begin to crackle between its horns."
Deoxys,600,50,150,50,150,50,150,"It blasts fireballs of over 3,600 degrees F from the ends of its arms. It lives in volcanic craters."
Mega Deoxys,600,50,180,20,180,20,150,It will never appear where there is strife. Its sightings have become rare recently.
Mega Deoxys X,600,50,70,160,70,160,90,"By churning its wings, it creates shock waves that inflict critical internal injuries to foes."
Mega Deoxys X,600,50,95,90,95,90,180,"Just like a plant, it uses photosynthesis. As a result, it is always enveloped in clear air."
Turtwig,318,55,68,64,45,55,31,"As a protective technique, it can completely freeze its fur to make its hairs stand like needles."
Grotle,405,75,89,85,55,65,36,"It observes prey while hanging inverted from branches. When the chance presents itself, it swoops!"
Torterra,525,95,109,105,75,85,56,Its impressive tusks are made of ice. The population thinned when it turned warm after the ice age.
Chimchar,309,44,58,44,58,44,61,"Additional software was installed to make it a better Pokemon. It began acting oddly, however."
Monferno,405,64,78,52,78,52,81,"A master of courtesy and swordsmanship, it fights using extending swords on its elbows."
Infernape,534,76,104,71,104,71,108,It freely controls three small units called Mini-Noses using magnetic force.
Piplup,314,53,51,53,61,56,40,The antenna on its head captures radio waves from the world of spirits that command it to take people there.
Prinplup,405,64,66,68,81,76,50,It freezes foes with an icy breath nearly -60 degrees F. What seems to be its body is actually hollow.
Empoleon,530,84,86,88,111,101,60,Its body is composed of plasma. It is known to infiltrate electronic devices and wreak havoc.
Starly,245,40,55,30,30,30,60,Known as “The Being of Knowledge.” It is said that it can wipe out the memory of those who see its eyes.
Staravia,340,55,75,50,40,40,80,"Known as “The Being of Emotion.” It taught humans the nobility of sorrow, pain, and joy."
Staraptor,485,85,120,70,50,60,100,Known as “The Being of Willpower.” It sleeps at the bottom of a lake to keep the world in balance.
Bidoof,250,59,45,40,35,40,31,It has the power to control time. It appears in Sinnoh-region myths as an ancient deity.
Bibarel,410,79,85,60,55,60,71,It has the ability to distort space. It is described as a deity in Sinnoh-region mythology.
Kricketot,194,37,25,41,25,41,25,It dwells in volcanic caves. It digs in with its cross-shaped feet to crawl on ceilings and walls.
Kricketune,384,77,85,51,55,51,65,There is an enduring legend that states this Pokemon towed continents with ropes.
Shinx,263,45,65,34,40,34,45,A Pokemon that is said to live in a world on the reverse side of ours. It appears in an ancient cemetery.
Luxio,363,60,85,49,60,49,60,Shiny particles are released from its wings like a veil. It is said to represent the crescent moon.
Luxray,523,80,120,79,95,79,70,"It drifts in warm seas. It always returns to where it was born, no matter how far it may have drifted."
Budew,280,40,30,35,50,70,55,"Born on a cold seafloor, it will swim great distances to return to its birthplace."
Roserade,515,60,70,65,125,105,90,It can lull people to sleep and make them dream. It is active during nights of the new moon.
Cranidos,350,67,125,40,30,30,58,It lives in flower patches and avoids detection by curling up to look like a flowering plant.
Rampardos,495,97,165,60,65,50,58,"It is described in mythology as the Pokemon that shaped the universe with its 1,000 arms."
Shieldon,350,30,42,118,42,88,30,"This Pokemon brings victory. It is said that Trainers with Victini always win, regardless of the type of encounter."
Bastiodon,495,60,52,168,47,138,30,It is very intelligent and calm. Being exposed to lots of sunlight makes its movements swifter.
Burmy,224,40,29,45,29,45,36,"It moves along the ground as if sliding. Its swift movements befuddle its foes, and it then attacks with a vine whip."
Wormadam,424,60,59,85,79,105,36,It can stop its opponents’ movements with just a glare. It takes in solar energy and boosts it internally.
Mega Wormadam,424,60,79,105,59,85,36,It can deftly dodge its foe’s attacks while shooting fireballs from its nose. It roasts berries before it eats them.
Mega Wormadam X,424,60,69,95,69,95,36,"When its internal fire flares up, its movements grow sharper and faster. When in trouble, it emits smoke."
Mothim,424,70,94,50,94,50,66,It can throw a fire punch by setting its fists on fire with its fiery chin. It cares deeply about its friends.
Combee,244,30,30,42,30,42,70,"It fights using the scalchop on its stomach. In response to an attack, it retaliates immediately by slashing."
Vespiquen,474,70,80,102,80,102,40,Strict training is how it learns its flowing double-scalchop technique.
Pachirisu,405,60,45,70,45,90,95,One swing of the sword incorporated in its armor can fell an opponent. A simple glare from one of them quiets everybody.
Buizel,330,55,65,35,60,30,85,"Using food stored in cheek pouches, they can keep watch for days. They use their tails to communicate with others."
Floatzel,495,85,105,55,85,50,115,"When they see an enemy, their tails stand high, and they spit the seeds of berries stored in their cheek pouches."
Cherubi,275,45,35,45,62,53,35,"It faces strong opponents with great courage. But, when at a disadvantage in a fight, this intelligent Pokemon flees."
Cherrim,450,70,60,70,87,78,85,"It has black, cape-like fur that is very hard and decreases the amount of damage it receives."
Shellos,325,76,48,48,57,62,34,It rescues people stranded by blizzards in the mountains. Its shaggy fur shields it from the cold.
Gastrodon,475,111,83,68,92,82,39,"They steal from people for fun, but their victims can’t help but forgive them. Their deceptively cute act is perfect."
Ambipom,482,75,100,66,60,66,115,These Pokemon vanish and appear unexpectedly. Many Trainers are drawn to their beautiful form and fur.
Drifloon,348,90,50,34,60,44,70,This Pokemon dwells deep in the forest. Eating a leaf from its head whisks weariness away as if by magic.
Drifblim,498,150,80,44,90,54,80,"Ill tempered, it fights by swinging its barbed tail around wildly. The leaf growing on its head is very bitter."
Buneary,350,55,66,44,44,56,85,"When it is angered, the temperature of its head tuft reaches 600° F. It uses its tuft to roast berries."
Lopunny,480,65,76,84,54,96,105,It loves sweets because they become energy for the fire burning inside its body.
Mega Lopunny,580,65,136,94,54,96,135,The water stored inside the tuft on its head is full of nutrients. Plants that receive its water grow large.
Mismagius,495,60,60,60,105,105,105,"The tuft on its head holds water. When the level runs low, it replenishes the tuft by siphoning up water with its tail."
Honchkrow,505,100,125,52,105,52,71,Munna always float in the air. People whose dreams are eaten by them forget what the dreams had been about.
Glameow,310,49,55,42,42,37,85,The mist emanating from their foreheads is packed with the dreams of people and Pokemon.
Purugly,452,71,82,64,64,59,112,"Each follows its Trainer’s orders as best it can, but they sometimes fail to understand complicated commands."
Chingling,285,45,30,50,65,50,45,It can return to its Trainer’s location regardless of the distance separating them.
Stunky,329,63,63,47,41,41,74,Males swing their head plumage to threaten opponents. The females’ flying abilities surpass those of the males.
Skuntank,479,103,93,67,71,61,84,"When thunderclouds cover the sky, it will appear. It can catch lightning with its mane and store the electricity."
Bronzor,300,57,24,86,24,86,23,"They have lightning-like movements. When Zebstrika run at full speed, the sound of thunder reverberates."
Bronzong,500,67,89,116,79,116,33,"Its ear is hexagonal in shape. Compressed underground, its body is as hard as steel."
Bonsly,290,50,80,95,10,45,10,"When it overflows with power, the orange crystal on its body glows. It looks for underground water in caves."
Mime Jr.,310,20,25,45,70,90,60,Compressing the energy from its internal core lets it fire off an attack capable of blowing away a mountain.
Happiny,220,100,5,5,15,65,30,Its habitat is dark forests and caves. It emits ultrasonic waves from its nose to learn about its surroundings.
Chatot,411,76,65,45,92,42,91,"It emits sound waves of various frequencies from its nose, including some powerful enough to destroy rocks."
Spiritomb,485,50,92,108,92,108,35,It can dig through the ground at a speed of 30 mph. It could give a car running aboveground a good race.
Gible,300,58,70,45,40,45,42,It can help in tunnel construction. Its drill has evolved into steel strong enough to bore through iron plates.
Gabite,410,68,90,65,50,55,82,"It touches others with the feelers on its ears, using the sound of their heartbeats to tell how they are feeling."
Garchomp,600,108,130,95,80,85,102,It fights by swinging a piece of lumber around. It is close to evolving when it can handle the lumber without difficulty.
Mega Garchomp,700,108,170,115,120,95,92,This Pokemon is so muscular and strongly built that even a group of wrestlers could not make it budge an inch.
Munchlax,390,135,85,40,40,85,5,"It is thought that Conkeldurr taught humans how to make concrete more than 2,000 years ago."
Riolu,285,40,70,40,35,40,60,They warn others of danger by vibrating their cheeks to create a high-pitched sound.
Lucario,525,70,110,70,115,70,90,"When they vibrate the bumps on their heads, they can make waves in water or earthquake-like vibrations on land."
Mega Lucario,625,70,145,88,140,70,112,They shoot paralyzing liquid from their head bumps. They use vibration to hurt their opponents.
Hippopotas,330,68,72,78,38,42,32,"When it tightens its belt, it becomes stronger. Wild Throh use vines to weave their own belts."
Hippowdon,525,108,112,118,68,72,47,The sound of Sawk punching boulders and trees can be heard all the way from the mountains where they train.
Skorupi,330,40,50,90,30,55,65,Leavanny dress it in clothes they made for it when it hatched. It hides its head in its hood while it is sleeping.
Drapion,500,70,90,110,60,75,95,Forests where Swadloon live have superb foliage because the nutrients they make from fallen leaves nourish the plant life.
Croagunk,300,48,61,40,61,40,50,"Upon finding a small Pokemon, it weaves clothing for it from leaves, using the cutters on its arms and sticky silk."
Toxicroak,490,83,106,65,86,65,85,"Its bite injects a potent poison, enough to paralyze large bird Pokemon that try to prey on it."
Carnivine,454,74,100,72,90,72,46,"Protected by a hard shell, it spins its body like a wheel and crashes furiously into its enemies."
Finneon,330,49,49,56,49,61,66,"With quick movements, it chases down its foes, attacking relentlessly with its horns until it prevails."
Lumineon,460,69,69,76,69,86,91,"When attacked, it escapes by shooting cotton from its body. The cotton serves as a decoy to distract the attacker."
Mantyke,345,45,20,50,60,120,50,"Like the wind, it can slip through any gap, no matter how small. It leaves balls of white fluff behind."
Snover,334,60,62,50,62,60,40,The leaves on its head are very bitter. Eating one of these leaves is known to refresh a tired body.
Abomasnow,494,90,92,75,92,85,60,Even veteran Trainers face a challenge in getting its beautiful flower to bloom. This Pokemon is popular with celebrities.
Mega Abomasnow,594,90,132,105,132,105,30,"Red and blue Basculin get along so poorly, they’ll start fighting instantly. These Pokemon are very hostile."
Weavile,510,70,120,65,45,85,125,They live buried in the sands of the desert. The sun-warmed sands prevent their body temperature from dropping.
Magnezone,535,70,70,115,130,90,60,They live in groups of a few individuals. Protective membranes shield their eyes from sandstorms.
Lickilicky,515,110,85,95,80,95,50,"They never allow prey to escape. Their jaws are so powerful, they can crush the body of an automobile."
Rhyperior,535,115,140,130,55,55,40,"When its internal fire is burning, it cannot calm down and it runs around. When the fire diminishes, it falls asleep."
Tangrowth,535,100,100,125,110,50,50,"Its internal fire burns at 2,500° F, making enough power that it can destroy a dump truck with one punch."
Electivire,540,75,123,67,95,85,95,It uses an up-tempo song and dance to drive away the bird Pokemon that prey on its flower seeds.
Magmortar,540,75,95,67,125,95,83,This Pokemon can easily melt holes in hard rocks with a liquid secreted from its mouth.
Togekiss,545,85,50,95,120,115,80,"Competing for territory, Crustle fight viciously. The one whose boulder is broken is the loser of the battle."
Yanmega,515,86,76,86,116,56,95,"Its skin has a rubbery elasticity, so it can reduce damage by defensively pulling its skin up to its neck."
Leafeon,525,65,110,130,60,65,95,Groups of them beat up anything that enters their territory. Each can spit acidic liquid from its mouth.
Glaceon,525,65,60,110,130,95,65,"They never vary the route they fly, because their memories of guarding an ancient city remain steadfast."
Gliscor,510,75,95,125,45,75,95,Each of them carries a mask that used to be its face when it was human. Sometimes they look at it and cry.
Mamoswine,530,110,130,80,70,60,80,It has been said that they swallow those who get too close and turn them into mummies. They like to eat gold nuggets.
Porygon-Z,535,85,80,70,135,75,90,"Restored from a fossil, this Pokemon can dive to depths beyond half a mile."
Gallade,518,68,125,65,65,115,80,They can live both in the ocean and on land. A slap from one of them is enough to open a hole in the bottom of a tanker.
Mega Gallade,618,68,165,95,65,115,110,"Said to be an ancestor of bird Pokemon, they were unable to fly and moved about by hopping from one branch to another."
Probopass,525,60,55,145,75,150,40,"They are intelligent and will cooperate to catch prey. From the ground, they use a running start to take flight."
Dusknoir,525,45,100,135,65,135,45,Inhaling the gas they belch will make you sleep for a week. They prefer unsanitary places.
Froslass,480,70,80,70,80,70,110,It clenches opponents with its left arm and finishes them off with foul-smelling poison gas belched from its mouth.
Rotom,440,50,50,77,95,77,91,"It changes into the forms of others to surprise them. Apparently, it often transforms into a silent child."
Mega Rotom,520,50,65,107,105,107,86,Bonds between these Pokemon are very strong. It protects the safety of its pack by tricking its opponents.
Mega Rotom X,520,50,65,107,105,107,86,"They greet one another by rubbing each other with their tails, which are always kept well groomed and clean."
Mega Rotom X,520,50,65,107,105,107,86,Their white fur is coated in a special oil that makes it easy for them to deflect attacks.
Mega Rotom X,520,50,65,107,105,107,86,Their ribbonlike feelers increase their psychic power. They are always staring at something.
Mega Rotom X,520,50,65,107,105,107,86,They use hypnosis to control people and Pokemon. Tales of Gothorita leading people astray are told in every corner.
Uxie,580,75,75,130,75,130,95,Starry skies thousands of light-years away are visible in the space distorted by their intense psychic power.
Mesprit,580,80,105,105,105,105,80,They drive away attackers by unleashing psychic power. They can use telepathy to talk with others.
Azelf,580,75,125,70,125,70,115,"Since they have two divided brains, at times they suddenly try to take two different actions at once."
Dialga,680,100,120,120,150,100,90,"When Reuniclus shake hands, a network forms between their brains, increasing their psychic power."
Palkia,680,90,120,100,150,120,100,These bird Pokemon are excellent divers. They swim around in the water eating their favorite food--peat moss.
Heatran,600,91,90,106,130,106,77,Swanna start to dance at dusk. The one dancing in the middle is the leader of the flock.
Regigigas,670,110,160,110,80,110,100,The temperature of their breath is -58° F. They create snow crystals and make snow fall in the areas around them.
Giratina,680,150,100,120,100,120,90,"Snowy mountains are this Pokemon’s habitat. During an ancient ice age, they moved to southern areas."
Mega Giratina,680,150,120,100,120,100,90,"Swallowing large amounts of water, they make snow clouds inside their bodies and attack their foes with violent blizzards."
Cresselia,600,120,70,120,75,130,85,"The color and scent of their fur changes to match the mountain grass. When they sense hostility, they hide in the grass."
Phione,480,80,80,80,80,80,80,They migrate according to the seasons. People can tell the season by looking at Sawsbuck’s horns.
Manaphy,600,100,100,100,100,100,100,The energy made in its cheeks’ electric pouches is stored inside its membrane and released while it is gliding.
Darkrai,600,70,90,90,135,90,125,These mysterious Pokemon evolve when they receive electrical stimulation while they are in the same place as Shelmet.
Shaymin,600,100,100,100,100,100,100,"They fly around at high speed, striking with their pointed spears. Even when in trouble, they face opponents bravely."
Mega Shaymin,600,100,103,75,120,75,127,"It lures people in with its Poké Ball pattern, then releases poison spores. Why it resembles a Poké Ball is unknown."
Arceus,720,120,120,120,120,120,120,"It lures prey close by dancing and waving its arm caps, which resemble Poké Balls, in a swaying motion."
Victini,600,100,100,100,100,100,100,"With its thin, veil-like arms wrapped around the body of its opponent, it sinks to the ocean floor."
Snivy,308,45,45,55,45,55,63,"The fate of the ships and crew that wander into Jellicent’s habitat: all sunken, all lost, all vanished."
Servine,413,60,60,75,60,75,83,The special membrane enveloping Alomomola has the ability to heal wounds.
Serperior,528,75,75,95,75,95,113,Joltik that live in cities have learned a technique for sucking electricity from the outlets in houses.
Tepig,308,65,63,45,45,45,45,"When attacked, they create an electric barrier by spitting out many electrically charged threads."
Pignite,418,90,93,55,70,55,55,"When threatened, it attacks by shooting a barrage of spikes, which gives it a chance to escape by rolling away."
Emboar,528,110,123,65,100,65,65,It fights by swinging around its three spiky feelers. A hit from these steel spikes can reduce a boulder to rubble.
Oshawott,308,55,55,45,63,45,45,The two minigears that mesh together are predetermined. Each will rebound from other minigears without meshing.
Dewott,413,75,75,60,83,60,60,"By changing the direction in which it rotates, it communicates its feelings to others. When angry, it rotates faster."
Samurott,528,95,100,85,108,70,70,The gear with the red core is rotated at high speed for a rapid energy charge.
Patrat,255,45,55,39,35,39,42,"While one alone doesn’t have much power, a chain of many Tynamo can be as powerful as lightning."
Watchog,420,60,85,69,60,69,77,They coil around foes and shock them with electricity-generating organs that seem simply to be circular patterns.
Lillipup,275,45,60,45,25,45,55,They crawl out of the ocean using their arms. They will attack prey on shore and immediately drag it into the ocean.
Herdier,370,65,80,65,35,65,60,"It uses its strong psychic power to squeeze its opponent’s brain, causing unendurable headaches."
Stoutland,500,85,110,90,45,90,80,"It can manipulate an opponent’s memory. Apparently, it communicates by flashing its three different-colored fingers."
Purrloin,281,41,50,37,50,37,66,"Litwick shines a light that absorbs the life energy of people and Pokemon, which becomes the fuel that it burns."
Liepard,446,64,88,50,88,50,106,"This ominous Pokemon is feared. Through cities it wanders, searching for the spirits of the fallen."
Pansage,316,50,53,48,53,48,64,"It absorbs a spirit, which it then burns. By waving the flames on its arms, it puts its foes into a hypnotic trance."
Simisage,498,75,98,63,98,63,101,They use their tusks to crush the berries they eat. Repeated regrowth makes their tusks strong and sharp.
Pansear,316,50,53,48,53,48,64,"Since a broken tusk will not grow back, they diligently sharpen their tusks on river rocks after they’ve been fighting."
Simisear,498,75,98,63,98,63,101,They are kind but can be relentless when defending territory. They challenge foes with tusks that can cut steel.
Panpour,316,50,53,48,53,48,64,"When it is not feeling well, its mucus gets watery and the power of its Ice-type moves decreases."
Simipour,498,75,98,63,98,63,101,"It can make its breath freeze at will. Very able in the water, it swims around in northern seas and catches prey."
Munna,292,76,25,45,67,55,24,"When its body temperature goes up, it turns into steam and vanishes. When its temperature lowers, it returns to ice."
Musharna,487,116,55,85,107,95,29,"When attacked, it defends itself by closing the lid of its shell. It can spit a sticky, poisonous liquid."
Pidove,264,50,55,50,36,30,43,"When its body dries out, it weakens. So, to prevent dehydration, it wraps itself in many layers of thin membrane."
Tranquill,358,62,77,62,50,42,65,"Its skin is very hard, so it is unhurt even if stepped on by sumo wrestlers. It smiles when transmitting electricity."
Unfezant,488,80,115,80,65,55,93,"In fights, they dominate with onslaughts of flowing, continuous attacks. With their sharp claws, they cut enemies."
Blitzle,295,45,60,32,50,32,76,It wields the fur on its arms like a whip. Its arm attacks come with such rapidity that they cannot even be seen.
Zebstrika,497,75,100,63,80,63,116,"It warms its body by absorbing sunlight with its wings. When its body temperature falls, it can no longer move."
Roggenrola,280,55,75,85,25,25,15,"The energy that burns inside it enables it to move, but no one has yet been able to identify this energy."
Boldore,390,70,105,105,50,40,20,It flies across the sky at Mach speeds. Removing the seal on its chest makes its internal energy go out of control.
Gigalith,515,85,135,130,60,80,25,"Blades comprise this Pokemon’s entire body. If battling dulls the blades, it sharpens them on stones by the river."
Woobat,323,65,45,43,55,43,72,"It leads a group of Pawniard. It battles to become the boss, but will be driven from the group if it loses."
Swoobat,425,67,57,55,77,55,114,"Their fluffy fur absorbs damage, even if they strike foes with a fierce headbutt."
Drilbur,328,60,85,40,30,45,68,"They crush berries with their talons. They bravely stand up to any opponent, no matter how strong it is."
Excadrill,508,110,135,60,50,65,88,They fight for their friends without any thought about danger to themselves. One can carry a car while flying.
Audino,445,103,60,86,60,86,50,Their wings are too tiny to allow them to fly. They guard their posteriors with bones that were gathered by Mandibuzz.
Mega Audino,545,103,60,126,80,126,50,It makes a nest out of bones it finds. It grabs weakened prey in its talons and hauls it to its nest of bones.
Timburr,305,75,80,55,25,35,35,It breathes through a hole in its tail while it burns with an internal fire. Durant is its prey.
Gurdurr,405,85,105,85,40,50,40,"They attack in groups, covering themselves in steel armor to protect themselves from Heatmor."
Conkeldurr,505,105,140,95,55,65,45,"It tends to bite everything, and it is not a picky eater. Approaching it carelessly is dangerous."
Tympole,294,50,50,40,50,40,64,"After it has eaten up all the food in its territory, it moves to another area. Its two heads do not get along."
Palpitoad,384,75,65,55,65,55,69,"This brutal Pokemon travels the skies on its six wings. Anything that moves seems like a foe to it, triggering its attack."
Seismitoad,509,105,95,75,85,75,74,"This Pokemon was believed to have been born from the sun. When it evolves, its entire body is engulfed in flames."
Throh,465,120,100,85,30,85,45,"When volcanic ash darkened the atmosphere, it is said that Volcarona’s fire provided a replacement for the sun."
Sawk,465,75,125,75,30,75,85,This legendary Pokemon battled against humans to protect Pokemon. Its personality is calm and composed.
Sewaddle,310,45,53,70,40,60,42,This Pokemon came to the defense of Pokemon that had lost their homes in a war among humans.
Swadloon,380,55,63,90,50,80,42,This Pokemon fought humans in order to protect its friends. Legends about it continue to be passed down.
Leavanny,500,75,103,80,70,80,92,The lower half of its body is wrapped in a cloud of energy. It zooms through the sky at 200 mph.
Venipede,260,30,45,59,30,39,57,Countless charred remains mar the landscape of places through which Thundurus has passed.
Whirlipede,360,40,55,99,40,79,47,"This Pokemon appears in legends. It sends flames into the air from its tail, burning up everything around it."
Scolipede,485,60,100,89,55,69,112,"Concealing itself in lightning clouds, it flies throughout the Unova region. It creates electricity in its tail."
Cottonee,280,40,27,60,37,50,66,Lands visited by Landorus grant such bountiful crops that it has been hailed as “The Guardian of the Fields.”
Whimsicott,480,60,67,85,77,75,116,"It generates a powerful, freezing energy inside itself, but its body became frozen when the energy leaked out."
Petilil,280,45,35,50,70,50,30,"By blasting water from its hooves, it can glide across water. It excels at using leg moves while battling."
Lilligant,480,70,60,75,110,75,90,Its melodies are sung with a special vocalization method that can control the feelings of those who hear it.
Basculin,460,70,92,65,80,55,98,"Over 300 million years ago, it was feared as the strongest of hunters. It has been modified by Team Plasma."
Mega Basculin,460,70,92,65,80,55,98,
Sandile,292,50,72,35,35,35,65,
Krokorok,351,60,82,45,45,45,74,
Krookodile,519,95,117,80,65,70,92,
Darumaka,315,70,90,45,15,45,50,
Mega Darumaka,315,70,90,45,15,45,50,
Darmanitan,480,105,140,55,30,55,95,
Mega Darmanitan,540,105,30,105,140,105,55,
Mega Darmanitan X,480,105,140,55,30,55,95,
Mega Darmanitan X,540,105,160,55,30,55,135,
Maractus,461,75,86,67,106,67,60,
Dwebble,325,50,65,85,35,35,55,
Crustle,485,70,105,125,65,75,45,
Scraggy,348,50,75,70,35,70,48,
Scrafty,488,65,90,115,45,115,58,
Sigilyph,490,72,58,80,103,80,97,
Yamask,303,38,30,85,55,65,30,
Mega Yamask,303,38,55,85,30,65,30,
Cofagrigus,483,58,50,145,95,105,30,
Tirtouga,355,54,78,103,53,45,22,
Carracosta,495,74,108,133,83,65,32,
Archen,401,55,112,45,74,45,70,
Archeops,567,75,140,65,112,65,110,
Trubbish,329,50,50,62,40,62,65,
Garbodor,474,80,95,82,60,82,75,
Zorua,330,40,65,40,80,40,65,
Zoroark,510,60,105,60,120,60,105,
Minccino,300,55,50,40,40,40,75,
Cinccino,470,75,95,60,65,60,115,
Gothita,290,45,30,50,55,65,45,
Gothorita,390,60,45,70,75,85,55,
Gothitelle,490,70,55,95,95,110,65,
Solosis,290,45,30,40,105,50,20,
Duosion,370,65,40,50,125,60,30,
Reuniclus,490,110,65,75,125,85,30,
Ducklett,305,62,44,50,44,50,55,
Swanna,473,75,87,63,87,63,98,
Vanillite,305,36,50,50,65,60,44,
Vanillish,395,51,65,65,80,75,59,
Vanilluxe,535,71,95,85,110,95,79,
Deerling,335,60,60,50,40,50,75,
Sawsbuck,475,80,100,70,60,70,95,
Emolga,428,55,75,60,75,60,103,
Karrablast,315,50,75,45,40,45,60,
Escavalier,495,70,135,105,60,105,20,
Foongus,294,69,55,45,55,55,15,
Amoonguss,464,114,85,70,85,80,30,
Frillish,335,55,40,50,65,85,40,
Jellicent,480,100,60,70,85,105,60,
Alomomola,470,165,75,80,40,45,65,
Joltik,319,50,47,50,57,50,65,
Galvantula,472,70,77,60,97,60,108,
Ferroseed,305,44,50,91,24,86,10,
Ferrothorn,489,74,94,131,54,116,20,
Klink,300,40,55,70,45,60,30,
Klang,440,60,80,95,70,85,50,
Klinklang,520,60,100,115,70,85,90,
Tynamo,275,35,55,40,45,40,60,
Eelektrik,405,65,85,70,75,70,40,
Eelektross,515,85,115,80,105,80,50,
Elgyem,335,55,55,55,85,55,30,
Beheeyem,485,75,75,75,125,95,40,
Litwick,275,50,30,55,65,55,20,
Lampent,370,60,40,60,95,60,55,
Chandelure,520,60,55,90,145,90,80,
Axew,320,46,87,60,30,40,57,
Fraxure,410,66,117,70,40,50,67,
Haxorus,540,76,147,90,60,70,97,
Cubchoo,305,55,70,40,60,40,40,
Beartic,505,95,130,80,70,80,50,
Cryogonal,515,80,50,50,95,135,105,
Shelmet,305,50,40,85,40,65,25,
Accelgor,495,80,70,40,100,60,145,
Stunfisk,471,109,66,84,81,99,32,
Mega Stunfisk,471,109,81,99,66,84,32,
Mienfoo,350,45,85,50,55,50,65,
Mienshao,510,65,125,60,95,60,105,
Druddigon,485,77,120,90,60,90,48,
Golett,303,59,74,50,35,50,35,
Golurk,483,89,124,80,55,80,55,
Pawniard,340,45,85,70,40,40,60,
Bisharp,490,65,125,100,60,70,70,
Bouffalant,490,95,110,95,40,95,55,
Rufflet,350,70,83,50,37,50,60,
Braviary,510,100,123,75,57,75,80,
Vullaby,370,70,55,75,45,65,60,
Mandibuzz,510,110,65,105,55,95,80,
Heatmor,484,85,97,66,105,66,65,
Durant,484,58,109,112,48,48,109,
Deino,300,52,65,50,45,50,38,
Zweilous,420,72,85,70,65,70,58,
Hydreigon,600,92,105,90,125,90,98,
Larvesta,360,55,85,55,50,55,60,
Volcarona,550,85,60,65,135,105,100,
Cobalion,580,91,90,129,90,72,108,
Terrakion,580,91,129,90,72,90,108,
Virizion,580,91,90,72,90,129,108,
Tornadus,580,79,115,70,125,80,111,
Mega Tornadus,580,79,100,80,110,90,121,
Thundurus,580,79,115,70,125,80,111,
Mega Thundurus,580,79,105,70,145,80,101,
Reshiram,680,100,120,100,150,120,90,
Zekrom,680,100,150,120,120,100,90,
Landorus,600,89,125,90,115,80,101,
Mega Landorus,600,89,145,90,105,80,91,
Kyurem,660,125,130,90,130,90,95,
Mega Kyurem,700,125,170,100,120,90,95,
Mega Kyurem X,700,125,120,90,170,100,95,
Keldeo,580,91,72,90,129,90,108,
Mega Keldeo,580,91,72,90,129,90,108,
Meloetta,600,100,77,77,128,128,90,
Mega Meloetta,600,100,128,90,77,77,128,
Genesect,600,71,120,95,120,95,99,
Chespin,313,56,61,65,48,45,38,
Quilladin,405,61,78,95,56,58,57,
Chesnaught,530,88,107,122,74,75,64,
Fennekin,307,40,45,40,62,60,60,
Braixen,409,59,59,58,90,70,73,
Delphox,534,75,69,72,114,100,104,
Froakie,314,41,56,40,62,44,71,
Frogadier,405,54,63,52,83,56,97,
Greninja,530,72,95,67,103,71,122,
Mega Greninja,640,72,145,67,153,71,132,
Bunnelby,237,38,36,38,32,36,57,
Diggersby,423,85,56,77,50,77,78,
Fletchling,278,45,50,43,40,38,62,
Fletchinder,382,62,73,55,56,52,84,
Talonflame,499,78,81,71,74,69,126,
Scatterbug,200,38,35,40,27,25,35,
Spewpa,213,45,22,60,27,30,29,
Vivillon,411,80,52,50,90,50,89,
Litleo,369,62,50,58,73,54,72,
Pyroar,507,86,68,72,109,66,106,
Flabébé,303,44,38,39,61,79,42,
Floette,371,54,45,47,75,98,52,
Florges,552,78,65,68,112,154,75,
Skiddo,350,66,65,48,62,57,52,
Gogoat,531,123,100,62,97,81,68,
Pancham,348,67,82,62,46,48,43,
Pangoro,495,95,124,78,69,71,58,
Furfrou,472,75,80,60,65,90,102,
Espurr,355,62,48,54,63,60,68,
Meowstic,466,74,48,76,83,81,104,
Mega Meowstic,466,74,48,76,83,81,104,
Honedge,325,45,80,100,35,37,28,
Doublade,448,59,110,150,45,49,35,
Aegislash,500,60,50,140,50,140,60,
Mega Aegislash,500,60,140,50,140,50,60,
Spritzee,341,78,52,60,63,65,23,
Aromatisse,462,101,72,72,99,89,29,
Swirlix,341,62,48,66,59,57,49,
Slurpuff,480,82,80,86,85,75,72,
Inkay,288,53,54,53,37,46,45,
Malamar,482,86,92,88,68,75,73,
Binacle,306,42,52,67,39,56,50,
Barbaracle,500,72,105,115,54,86,68,
Skrelp,320,50,60,60,60,60,30,
Dragalge,494,65,75,90,97,123,44,
Clauncher,330,50,53,62,58,63,44,
Clawitzer,500,71,73,88,120,89,59,
Helioptile,289,44,38,33,61,43,70,
Heliolisk,481,62,55,52,109,94,109,
Tyrunt,362,58,89,77,45,45,48,
Tyrantrum,521,82,121,119,69,59,71,
Amaura,362,77,59,50,67,63,46,
Aurorus,521,123,77,72,99,92,58,
Sylveon,525,95,65,65,110,130,60,
Hawlucha,500,78,92,75,74,63,118,
Dedenne,431,67,58,57,81,67,101,
Carbink,500,50,50,150,50,150,50,
Goomy,300,45,50,35,55,75,40,
Sliggoo,452,68,75,53,83,113,60,
Goodra,600,90,100,70,110,150,80,
Klefki,470,57,80,91,80,87,75,
Phantump,309,43,70,48,50,60,38,
Trevenant,474,85,110,76,65,82,56,
Pumpkaboo,335,49,66,70,44,55,51,
Mega Pumpkaboo,335,44,66,70,44,55,56,
Mega Pumpkaboo X,335,54,66,70,44,55,46,
Mega Pumpkaboo X,335,59,66,70,44,55,41,
Gourgeist,494,65,90,122,58,75,84,
Mega Gourgeist,494,55,85,122,58,75,99,
Mega Gourgeist X,494,75,95,122,58,75,69,
Mega Gourgeist X,494,85,100,122,58,75,54,
Bergmite,304,55,69,85,32,35,28,
Avalugg,514,95,117,184,44,46,28,
Noibat,245,40,30,35,45,40,55,
Noivern,535,85,70,80,97,80,123,
Xerneas,680,126,131,95,131,98,99,
Yveltal,680,126,131,95,131,98,99,
Zygarde,600,108,100,121,81,95,95,
Mega Zygarde,486,54,100,71,61,85,115,
Mega Zygarde X,708,216,100,121,91,95,85,
Diancie,600,50,100,150,100,150,50,
Mega Diancie,700,50,160,110,160,110,110,
Hoopa,600,80,110,60,150,130,70,
Mega Hoopa,680,80,160,60,170,130,80,
Volcanion,600,80,110,120,130,90,70,
Rowlet,320,68,55,55,50,50,42,
Dartrix,420,78,75,75,70,70,52,
Decidueye,530,78,107,75,100,100,70,
Litten,320,45,65,40,60,40,70,
Torracat,420,65,85,50,80,50,90,
Incineroar,530,95,115,90,80,90,60,
Popplio,320,50,54,54,66,56,40,
Brionne,420,60,69,69,91,81,50,
Primarina,530,80,74,74,126,116,60,
Pikipek,265,35,75,30,30,30,65,
Trumbeak,355,55,85,50,40,50,75,
Toucannon,485,80,120,75,75,75,60,
Yungoos,253,48,70,30,30,30,45,
Gumshoos,418,88,110,60,55,60,45,
Grubbin,300,47,62,45,55,45,46,
Charjabug,400,57,82,95,55,75,36,
Vikavolt,500,77,70,90,145,75,43,
Crabrawler,338,47,82,57,42,47,63,
Crabominable,478,97,132,77,62,67,43,
Oricorio,476,75,70,70,98,70,93,
Mega Oricorio,476,75,70,70,98,70,93,
Mega Oricorio X,476,75,70,70,98,70,93,
Mega Oricorio X,476,75,70,70,98,70,93,
Cutiefly,304,40,45,40,55,40,84,
Ribombee,464,60,55,60,95,70,124,
Rockruff,280,45,65,40,30,40,60,
Mega Rockruff,280,45,65,40,30,40,60,
Lycanroc,487,75,115,65,55,65,112,
Mega Lycanroc,487,85,115,75,55,75,82,
Mega Lycanroc X,487,75,117,65,55,65,110,
Wishiwashi,175,45,20,20,25,25,40,
Mega Wishiwashi,620,45,140,130,140,135,30,
Mareanie,305,50,53,62,43,52,45,
Toxapex,495,50,63,152,53,142,35,
Mudbray,385,70,100,70,45,55,45,
Mudsdale,500,100,125,100,55,85,35,
Dewpider,269,38,40,52,40,72,27,
Araquanid,454,68,70,92,50,132,42,
Fomantis,250,40,55,35,50,35,35,
Lurantis,480,70,105,90,80,90,45,
Morelull,285,40,35,55,65,75,15,
Shiinotic,405,60,45,80,90,100,30,
Salandit,320,48,44,40,71,40,77,
Salazzle,480,68,64,60,111,60,117,
Stufful,340,70,75,50,45,50,50,
Bewear,500,120,125,80,55,60,60,
Bounsweet,210,42,30,38,30,38,32,
Steenee,290,52,40,48,40,48,62,
Tsareena,510,72,120,98,50,98,72,
Comfey,485,51,52,90,82,110,100,
Oranguru,490,90,60,80,90,110,60,
Passimian,490,100,120,90,40,60,80,
Wimpod,230,25,35,40,20,30,80,
Golisopod,530,75,125,140,60,90,40,
Sandygast,320,55,55,80,70,45,15,
Palossand,480,85,75,110,100,75,35,
Pyukumuku,410,55,60,130,30,130,5,
Type: Null,534,95,95,95,95,95,59,
Silvally,570,95,95,95,95,95,95,
Minior,440,60,60,100,60,100,60,
Mega Minior,500,60,100,60,100,60,120,
Komala,480,65,115,65,75,95,65,
Turtonator,485,60,78,135,91,85,36,
Togedemaru,435,65,98,63,40,73,96,
Mimikyu,476,55,90,80,50,105,96,
Bruxish,475,68,105,70,70,70,92,
Drampa,485,78,60,85,135,91,36,
Dhelmise,517,70,131,100,86,90,40,
Jangmo-o,300,45,55,65,45,45,45,
Hakamo-o,420,55,75,90,65,70,65,
Kommo-o,600,75,110,125,100,105,85,
Tapu Koko,570,70,115,85,95,75,130,
Tapu Lele,570,70,85,75,130,115,95,
Tapu Bulu,570,70,130,115,85,95,75,
Tapu Fini,570,70,75,115,95,130,85,
Cosmog,200,43,29,31,29,31,37,
Cosmoem,400,43,29,131,29,131,37,
Solgaleo,680,137,137,107,113,89,97,
Lunala,680,137,113,89,137,107,97,
Nihilego,570,109,53,47,127,131,103,
Buzzwole,570,107,139,139,53,53,79,
Pheromosa,570,71,137,37,137,37,151,
Xurkitree,570,83,89,71,173,71,83,
Celesteela,570,97,101,103,107,101,61,
Kartana,570,59,181,131,59,31,109,
Guzzlord,570,223,101,53,97,53,43,
Necrozma,600,97,107,101,127,89,79,
Mega Necrozma,680,97,157,127,113,109,77,
Mega Necrozma X,680,97,113,109,157,127,77,
Mega Necrozma X,754,97,167,97,167,97,129,
Magearna,600,80,95,115,130,115,65,
Marshadow,600,90,125,80,90,90,125,
Poipole,420,67,73,67,73,67,73,
Naganadel,540,73,73,73,127,73,121,
Stakataka,570,61,131,211,53,101,13,
Blacephalon,570,53,127,53,151,79,107,
Zeraora,600,88,112,75,102,80,143,
Meltan,300,46,65,65,55,35,34,
Melmetal,600,135,143,143,80,65,34,
Grookey,310,50,65,50,40,40,65,
Thwackey,420,70,85,70,55,60,80,
Rillaboom,530,100,125,90,60,70,85,
Scorbunny,310,50,71,40,40,40,69,
Raboot,420,65,86,60,55,60,94,
Cinderace,530,80,116,75,65,75,119,
Sobble,310,50,40,40,70,40,70,
Drizzile,420,65,60,55,95,55,90,
Inteleon,530,70,85,65,125,65,120,
Skwovet,275,70,55,55,35,35,25,
Greedent,460,120,95,95,55,75,20,
Rookidee,245,38,47,35,33,35,57,
Corvisquire,365,68,67,55,43,55,77,
Corviknight,495,98,87,105,53,85,67,
Blipbug,180,25,20,20,25,45,45,
Dottler,335,50,35,80,50,90,30,
Orbeetle,505,60,45,110,80,120,90,
Nickit,245,40,28,28,47,52,50,
Thievul,455,70,58,58,87,92,90,
Gossifleur,250,40,40,60,40,60,10,
Eldegoss,460,60,50,90,80,120,60,
Wooloo,270,42,40,55,40,45,48,
Dubwool,490,72,80,100,60,90,88,
Chewtle,284,50,64,50,38,38,44,
Drednaw,485,90,115,90,48,68,74,
Yamper,270,59,45,50,40,50,26,
Boltund,490,69,90,60,90,60,121,
Rolycoly,240,30,40,50,40,50,30,
Carkol,410,80,60,90,60,70,50,
Coalossal,510,110,80,120,80,90,30,
Applin,260,40,40,80,40,40,20,
Flapple,485,70,110,80,95,60,70,
Appletun,485,110,85,80,100,80,30,
Silicobra,315,52,57,75,35,50,46,
Sandaconda,510,72,107,125,65,70,71,
Cramorant,475,70,85,55,85,95,85,
Arrokuda,280,41,63,40,40,30,66,
Barraskewda,490,61,123,60,60,50,136,
Toxel,242,40,38,35,54,35,40,
Toxtricity,502,75,98,70,114,70,75,
Mega Toxtricity,502,75,98,70,114,70,75,
Sizzlipede,305,50,65,45,50,50,45,
Centiskorch,525,100,115,65,90,90,65,
Clobbopus,310,50,68,60,50,50,32,
Grapploct,480,80,118,90,70,80,42,
Sinistea,308,40,45,45,74,54,50,
Polteageist,508,60,65,65,134,114,70,
Hatenna,265,42,30,45,56,53,39,
Hattrem,370,57,40,65,86,73,49,
Hatterene,510,57,90,95,136,103,29,
Impidimp,265,45,45,30,55,40,50,
Morgrem,370,65,60,45,75,55,70,
Grimmsnarl,510,95,120,65,95,75,60,
Obstagoon,520,93,90,101,60,81,95,
Perrserker,440,70,110,100,50,60,50,
Cursola,510,60,95,50,145,130,30,
Sirfetch'd,507,62,135,95,68,82,65,
Mr. Rime,520,80,85,75,110,100,70,
Runerigus,483,58,95,145,50,105,30,
Milcery,270,45,40,40,50,61,34,
Alcremie,495,65,60,75,110,121,64,
Falinks,470,65,100,100,70,60,75,
Pincurchin,435,48,101,95,91,85,15,
Snom,185,30,25,35,45,30,20,
Frosmoth,475,70,65,60,125,90,65,
Stonjourner,470,100,125,135,20,20,70,
Eiscue,470,75,80,110,65,90,50,
Mega Eiscue,470,75,80,70,65,50,130,
Indeedee,475,60,65,55,105,95,95,
Mega Indeedee,475,70,55,65,95,105,85,
Morpeko,436,58,95,58,70,58,97,
Mega Morpeko,436,58,95,58,70,58,97,
Cufant,330,72,80,49,40,49,40,
Copperajah,500,122,130,69,80,69,30,
Dracozolt,505,90,100,90,80,70,75,
Arctozolt,505,90,100,90,90,80,55,
Dracovish,505,90,90,100,70,80,75,
Arctovish,505,90,90,100,80,90,55,
Duraludon,535,70,95,115,120,50,85,
Dreepy,270,28,60,30,40,30,82,
Drakloak,410,68,80,50,60,50,102,
Dragapult,600,88,120,75,100,75,142,
Zacian,720,92,170,115,80,115,148,
Mega Zacian,670,92,130,115,80,115,138,
Zamazenta,720,92,130,145,80,145,128,
Mega Zamazenta,670,92,130,115,80,115,138,
Eternatus,690,140,85,95,145,95,130,
Mega Eternatus,1125,255,115,250,125,250,130,
Kubfu,385,60,90,60,53,50,72,
Urshifu,550,100,130,100,63,60,97,
Mega Urshifu,550,100,130,100,63,60,97,
Zarude,600,105,120,105,70,95,105,
Regieleki,580,80,100,50,100,50,200,
Regidrago,580,200,100,50,100,50,80,
Glastrier,580,100,145,130,65,110,30,
Spectrier,580,100,65,60,145,80,130,
Calyrex,500,100,80,80,80,80,80,
Mega Calyrex,680,100,165,150,85,130,50,
Mega Calyrex X,680,100,85,80,165,100,150,